"Site_Name","Site_Type","Site_Sub_Type","City","County","State","county.fips.character","Site_EPA_ID","EPA_Hazard_Risk_Score","Floodplain","Sea_Level_Rise","Cap","Date_Discovery","Date_Final_Listing_on_NPL","Date_Deletion_from_NPL","total_population","total_housing_units","low_median_income","high_median_income","renter_prop","pov_prop","black_prop","white_prop","asian_prop","hisp_prop","total_pop_under_5","total_pop_under_18","latitude","longitude"
"EIELSON AIR FORCE BASE","Waste Management","Industrial waste facility (non-generator)","FAIRBANKS","FAIRBANKS NORTH STAR","AK","02090","AK1570028646",48.14,"100 year zone","Not in sea level rise area",1,1981-06-01,1989-11-21,NA,19,8,54145,54145,0.83,0.06,0.11,0.68,0,0.16,2,6,64.67145,-147.0492
"STANDARD STEEL & METAL SALVAGE YARD (USDOT)","Recycling","Multiple","ANCHORAGE","ANCHORAGE","AK","02020","AKD980978787",46.25,"100 year zone","Not in sea level rise area",1,1985-10-28,1990-08-30,2002-09-30,7002,2417,38269,57227,0.77,0.27,0.1,0.28,0.09,0.11,696,2160,61.2279,-149.8324
"CIBA-GEIGY CORP. (MCINTOSH PLANT)","Manufacturing/Processing/Maintenance","Chemicals and allied products","MCINTOSH","WASHINGTON","AL","01129","ALD001221902",53.42,"100 year zone","Not in sea level rise area",1,1979-05-01,1984-09-21,NA,105,47,42440,42440,0.18,0.21,0.31,0.43,0,0,5,30,31.279,-87.9955
"T.H. AGRICULTURE & NUTRITION CO. (MONTGOMERY PLANT)","Other","Product storage/distribution","MONTGOMERY","MONTGOMERY","AL","01101","ALD007454085",44.46,"100 year zone","Not in sea level rise area",0,1986-04-02,1990-08-30,NA,869,213,20139,90625,0.6,0.29,0.41,0.44,0.01,0.13,82,209,32.3761,-86.3791
"MOWBRAY ENGINEERING CO.","Multiple","Multiple","GREENVILLE","BUTLER","AL","01013","ALD031618069",53.67,"100 year zone","Not in sea level rise area",0,1980-12-01,1983-09-08,1993-12-30,936,449,21167,47500,0.28,0.16,0.35,0.63,0,0,62,191,31.83166,-86.61305
"GURLEY PIT","Waste Management","Industrial waste facility (non-generator)","EDMONDSEN","CRITTENDEN","AR","05035","ARD035662469",40.13,"500 year zone","Not in sea level rise area",1,1979-11-01,1983-09-08,2003-11-06,72,40,38125,38125,0.43,0.29,0.57,0.36,0,0.06,7,18,35.1209,-90.3116
"CECIL LINDSEY","Waste Management","Co-disposal landfill (municipal and industrial)","NEWPORT","JACKSON","AR","05067","ARD980496186",35.6,"100 year zone","Not in sea level rise area",0,1979-12-01,1983-09-08,1989-09-22,477,241,28719,32792,0.46,0.29,0.24,0.68,0.01,0.04,47,125,35.6349,-91.2255
"SOUTH 8TH STREET LANDFILL","Waste Management","Other","WEST MEMPHIS","CRITTENDEN","AR","05035","ARD980496723",50.27,"100 year zone","Not in sea level rise area",1,1979-11-01,1992-10-14,2004-09-28,1132,557,19096,38125,0.63,0.38,0.87,0.1,0,0.01,95,282,35.12444,-90.16944
"JACKSONVILLE MUNICIPAL LANDFILL","Waste Management","Co-disposal landfill (municipal and industrial)","JACKSONVILLE","LONOKE","AR","05085","ARD980809941",29.64,"100 year zone","Not in sea level rise area",0,1983-05-01,1987-07-22,2000-03-14,2566,1037,37233,59671,0.39,0.19,0.41,0.48,0.01,0.06,201,777,34.86333,-92.07166
"CEDAR CHEMICAL CORPORATION","Manufacturing/Processing/Maintenance","Chemicals and allied products","WEST HELENA","PHILLIPS","AR","05107","ARD990660649",NA,"500 year zone","Not in sea level rise area",NA,1979-07-01,2012-09-18,NA,899,477,17781,34588,0.6,0.6,0.83,0.15,0,0,117,334,34.518611,-90.6525
"YUMA MARINE CORPS AIR STATION","Manufacturing/Processing/Maintenance","Trucks/ships/trains/aircraft and related components","YUMA","YUMA","AZ","04027","AZ0971590062",32.24,"500 year zone","Not in sea level rise area",0,1985-09-01,1990-02-21,NA,1551,361,40036,88833,0.84,0.06,0.12,0.52,0.04,0.28,168,361,32.65458,-114.5888
"MOTOROLA, INC. (52ND STREET PLANT)","Manufacturing/Processing/Maintenance","Electronic/electrical equipment","PHOENIX","MARICOPA","AZ","04013","AZD009004177",40.83,"500 year zone","Not in sea level rise area",0,1980-08-01,1989-10-04,NA,13222,6810,27381,50048,0.83,0.35,0.16,0.32,0.02,0.44,1014,3244,33.46166,-111.9708
"NINETEENTH AVENUE LANDFILL","Waste Management","Co-disposal landfill (municipal and industrial)","PHOENIX","MARICOPA","AZ","04013","AZD980496780",54.27,"500 year zone","Not in sea level rise area",1,1979-04-01,1983-09-08,2006-09-25,6422,1873,9623,41175,0.57,0.42,0.08,0.1,0.01,0.81,647,2242,33.41666,-112.0917
"HASSAYAMPA LANDFILL","Waste Management","Co-disposal landfill (municipal and industrial)","HASSAYAMPA","MARICOPA","AZ","04013","AZD980735666",42.79,"500 year zone","Not in sea level rise area",1,1981-01-01,1987-07-22,NA,94,36,45893,45893,0.26,0.21,0,0.59,0,0.4,9,34,33.36833,-112.7483
"AMCO CHEMICAL","Other","Product storage/distribution","OAKLAND","ALAMEDA","CA","06001","CA0001576081",50,"Not in flood zone","1.5 meter rise",NA,1996-10-17,2003-09-29,NA,14434,6201,17278,138750,0.79,0.34,0.47,0.17,0.17,0.14,1166,3386,37.8025,-122.29375
"SACRAMENTO ARMY DEPOT","Multiple","Multiple","SACRAMENTO","SACRAMENTO","CA","06067","CA0210020780",44.46,"500 year zone","Not in sea level rise area",0,1979-07-01,1987-07-22,NA,3170,1059,26765,42841,0.55,0.31,0.09,0.23,0.32,0.31,211,793,38.52028,-121.3958
"ALAMEDA NAVAL AIR STATION","Other","Transportation (e.g., railroad yards, airport, barge docking site)","ALAMEDA","ALAMEDA","CA","06001","CA2170023236",50,"Not in flood zone","1 meter rise",0,1980-08-01,1999-07-22,NA,1344,476,40769,138750,0.65,0.19,0.15,0.31,0.37,0.12,105,341,37.78888,-122.33
"BARSTOW MARINE CORPS LOGISTICS BASE","Manufacturing/Processing/Maintenance","Other","BARSTOW","SAN BERNARDINO","CA","06071","CA8170024261",37.93,"100 year zone","Not in sea level rise area",1,1980-11-01,1989-11-21,NA,1356,541,46300,46300,0.43,0.26,0.07,0.36,0.01,0.47,133,403,34.87833,-116.9389
"SHARPE ARMY DEPOT","Other","Military/Other Ordinance","LATHROP","SAN JOAQUIN","CA","06077","CA8210020832",42.24,"500 year zone","Not in sea level rise area",0,1980-11-01,1987-07-22,NA,6793,1813,57696,75964,0.3,0.14,0.09,0.25,0.22,0.4,543,2120,37.82916,-121.2672
"JERVIS B. WEBB CO.","Manufacturing/Processing/Maintenance","Metal fabrication/finishing/coating and allied industries","SOUTH GATE","LOS ANGELES","CA","06037","CAD008339467",50,"500 year zone","Not in sea level rise area",NA,1993-05-14,2012-05-10,NA,33032,8066,33567,66934,0.64,0.27,0.01,0.03,0.01,0.95,2984,10463,33.950278,-118.176946
"JASCO CHEMICAL CORP.","Manufacturing/Processing/Maintenance","Chemicals and allied products","MOUNTAIN VIEW","SANTA CLARA","CA","06085","CAD009103318",35.36,"500 year zone","Not in sea level rise area",0,1986-10-01,1989-10-04,NA,33194,15140,60131,202336,0.65,0.1,0.02,0.45,0.25,0.24,1891,6444,37.3988,-122.0882
"MCCORMICK & BAXTER CREOSOTING CO.","Manufacturing/Processing/Maintenance","Lumber and wood products/wood preserving/treatment","STOCKTON","SAN JOAQUIN","CA","06077","CAD009106527",74.86,"500 year zone","Not in sea level rise area",1,1979-10-01,1992-10-14,NA,11527,4103,17542,44489,0.66,0.37,0.11,0.15,0.12,0.59,1046,3410,37.94785,-121.30663
"TELEDYNE SEMICONDUCTOR","Manufacturing/Processing/Maintenance","Electronic/electrical equipment","MOUNTAIN VIEW","SANTA CLARA","CA","06085","CAD009111444",42.24,"500 year zone","Not in sea level rise area",0,1980-08-01,1987-07-22,NA,15174,7308,60131,127974,0.6,0.07,0.02,0.46,0.28,0.2,805,2555,37.4108,-122.0797
"SPECTRA-PHYSICS, INC.","Manufacturing/Processing/Maintenance","Electronic/electrical equipment","MOUNTAIN VIEW","SANTA CLARA","CA","06085","CAD009138488",39.92,"500 year zone","Not in sea level rise area",0,1988-04-01,1991-02-11,NA,17768,8612,60131,141961,0.62,0.08,0.02,0.46,0.27,0.21,914,2972,37.40805,-122.0786
"RAYTHEON CORP.","Manufacturing/Processing/Maintenance","Electronic/electrical equipment","MOUNTAIN VIEW","SANTA CLARA","CA","06085","CAD009205097",37.93,"500 year zone","Not in sea level rise area",0,1980-08-01,1986-06-10,NA,14065,6365,65000,141961,0.62,0.05,0.02,0.37,0.38,0.18,1351,2639,37.3975,-122.0533
"CTS PRINTEX, INC.","Manufacturing/Processing/Maintenance","Electronic/electrical equipment","MOUNTAIN VIEW","SANTA CLARA","CA","06085","CAD009212838",35.39,"100 year zone","Not in sea level rise area",0,1986-10-01,1990-02-21,NA,13131,5882,60131,195208,0.55,0.07,0.02,0.47,0.28,0.18,798,2483,37.4165,-122.0872
"HALACO ENGINEERING COMPANY","Recycling","Batteries/scrap metals/secondary smelting/precious metal recovery","OXNARD","VENTURA","CA","06111","CAD009688052",51.94,"500 year zone","1.5 meter rise",NA,1979-11-01,2007-09-19,NA,15153,3919,41778,61964,0.64,0.24,0.03,0.09,0.1,0.75,1795,5014,34.140722,-119.177778
"INTERSIL INC./SIEMENS COMPONENTS","Manufacturing/Processing/Maintenance","Electronic/electrical equipment","CUPERTINO","SANTA CLARA","CA","06085","CAD041472341",37.79,"500 year zone","Not in sea level rise area",0,1986-05-01,1990-08-30,NA,21910,8420,84756,162150,0.48,0.03,0.02,0.33,0.49,0.11,1742,5223,37.3361,-122.0015
"NATIONAL SEMICONDUCTOR CORP.","Manufacturing/Processing/Maintenance","Electronic/electrical equipment","SANTA CLARA","SANTA CLARA","CA","06085","CAD041472986",35.57,"500 year zone","Not in sea level rise area",0,1980-08-01,1987-07-22,NA,18868,7414,69970,122212,0.59,0.09,0.03,0.29,0.46,0.19,1489,3943,37.37528,-121.9989
"OMEGA CHEMICAL CORPORATION","Multiple","Multiple","WHITTIER","LOS ANGELES","CA","06037","CAD042245001",30.94,"500 year zone","Not in sea level rise area",0,1989-07-12,1999-01-19,NA,29887,9861,33787,96006,0.61,0.19,0.02,0.13,0.03,0.82,2146,7669,33.96972,-118.04222
"APPLIED MATERIALS","Manufacturing/Processing/Maintenance","Electronic/electrical equipment","SANTA CLARA","SANTA CLARA","CA","06085","CAD042728840",31.94,"500 year zone","Not in sea level rise area",0,1980-12-01,1987-07-22,NA,11242,3921,69970,118441,0.58,0.12,0.05,0.25,0.37,0.29,878,2566,37.3777,-121.9777
"BROWN & BRYANT, INC. (ARVIN PLANT)","Manufacturing/Processing/Maintenance","Chemicals and allied products","ARVIN","KERN","CA","06029","CAD052384021",53.36,"100 year zone","Not in sea level rise area",1,1985-08-01,1989-10-04,NA,6020,1553,25859,59540,0.61,0.34,0.02,0.07,0,0.92,778,2258,35.20306,-118.822
"COOPER DRUM CO.","Recycling","Drums/tanks","SOUTH GATE","LOS ANGELES","CA","06037","CAD055753370",50.1,"500 year zone","Not in sea level rise area",0,1988-01-01,2001-06-14,NA,29786,7401,33567,66934,0.53,0.22,0.01,0.03,0.01,0.95,2469,8888,33.94697,-118.17969
"INTEL CORP. (MOUNTAIN VIEW PLANT)","Manufacturing/Processing/Maintenance","Electronic/electrical equipment","MOUNTAIN VIEW","SANTA CLARA","CA","06085","CAD061620217",31.94,"500 year zone","Not in sea level rise area",0,1981-07-01,1986-06-10,NA,17026,7796,65000,141961,0.63,0.05,0.02,0.39,0.36,0.18,1515,3163,37.3962,-122.0566
"COAST WOOD PRESERVING","Manufacturing/Processing/Maintenance","Lumber and wood products/wood preserving/treatment","UKIAH","MENDOCINO","CA","06045","CAD063015887",44.73,"100 year zone","Not in sea level rise area",0,1979-04-01,1983-09-08,NA,1234,480,24915,77125,0.71,0.26,0.01,0.46,0.01,0.43,133,384,39.1125,-123.193
"INTEL MAGNETICS","Manufacturing/Processing/Maintenance","Multiple","SANTA CLARA","SANTA CLARA","CA","06085","CAD092212497",31.94,"500 year zone","Not in sea level rise area",0,1980-07-01,1986-06-10,NA,13115,4558,69970,118441,0.54,0.11,0.05,0.27,0.36,0.28,986,2957,37.3756,-121.9801
"FAIRCHILD SEMICONDUCTOR CORP. (MOUNTAIN VIEW PLANT)","Manufacturing/Processing/Maintenance","Electronic/electrical equipment","MOUNTAIN VIEW","SANTA CLARA","CA","06085","CAD095989778",31.94,"500 year zone","Not in sea level rise area",0,1981-06-01,1991-02-11,NA,10911,4973,65000,141961,0.6,0.04,0.02,0.4,0.36,0.18,1030,2011,37.4012,-122.0542
"PEMACO MAYWOOD","Manufacturing/Processing/Maintenance","Chemicals and allied products","MAYWOOD","LOS ANGELES","CA","06037","CAD980737092",45.23,"500 year zone","Not in sea level rise area",1,1995-02-10,1999-01-19,NA,30281,7570,30817,61250,0.72,0.29,0.01,0.03,0.01,0.95,2583,9387,33.98541,-118.17125
"SOUTHERN CALIFORNIA EDISON CO. (VISALIA POLEYARD)","Manufacturing/Processing/Maintenance","Lumber and wood products/wood preserving/treatment","VISALIA","TULARE","CA","06107","CAD980816466",53.36,"100 year zone","Not in sea level rise area",1,1981-06-01,1989-03-31,2009-09-25,8391,2949,17379,61443,0.56,0.34,0.04,0.35,0.05,0.55,820,2623,36.33333,-119.2767
"SAN GABRIEL VALLEY (AREA 2)","Other","Ground water plume site with no identifiable source","BALDWIN PARK","LOS ANGELES","CA","06037","CAD980818512",42.24,"500 year zone","Not in sea level rise area",0,1980-04-01,1984-05-08,NA,25063,6983,49773,88029,0.35,0.11,0.03,0.14,0.18,0.63,1234,5914,34.07361,-117.9361
"HEWLETT-PACKARD (620-640 PAGE MILL ROAD)","Manufacturing/Processing/Maintenance","Electronic/electrical equipment","PALO ALTO","SANTA CLARA","CA","06085","CAD980884209",29.76,"500 year zone","Not in sea level rise area",0,1984-07-01,1990-02-21,NA,17537,6530,34434,179345,0.51,0.08,0.02,0.53,0.3,0.1,851,3621,37.4214,-122.1434
"SOUTH BAY ASBESTOS AREA","Waste Management","Co-disposal landfill (municipal and industrial)","ALVISO","SANTA CLARA","CA","06085","CAD980894885",44.68,"100 year zone","Not in sea level rise area",1,1983-11-01,1986-06-10,NA,288,103,75714,108382,0.47,0.1,0.02,0.18,0.26,0.52,18,68,37.42986,-121.9811
"NEWMARK GROUND WATER CONTAMINATION","Other","Ground water plume site with no identifiable source","SAN BERNARDINO","SAN BERNARDINO","CA","06071","CAD981434517",35.57,"500 year zone","Not in sea level rise area",0,1986-08-01,1989-03-31,NA,14201,4397,35133,68576,0.52,0.24,0.16,0.25,0.06,0.5,1092,3844,34.17181,-117.3131
"UNITED HECKATHORN CO.","Manufacturing/Processing/Maintenance","Chemicals and allied products","RICHMOND","CONTRA COSTA","CA","06013","CAD981436363",40.96,"Not in flood zone","1 meter rise",1,1986-09-01,1990-03-14,NA,12303,4478,32172,84097,0.62,0.23,0.24,0.09,0.08,0.55,1076,3576,37.9226,-122.3654
"FIRESTONE TIRE & RUBBER CO. (SALINAS PLANT)","Manufacturing/Processing/Maintenance","Plastics and rubber products","SALINAS","MONTEREY","CA","06053","CAD990793887",45.91,"100 year zone","Not in sea level rise area",0,1979-11-01,1987-07-22,2005-04-21,206,49,63594,124250,0.46,0.11,0.01,0.16,0.06,0.78,18,67,36.6249,-121.5901
"SYNERTEK, INC. (BUILDING 1)","Manufacturing/Processing/Maintenance","Electronic/electrical equipment","SANTA CLARA","SANTA CLARA","CA","06085","CAD990832735",31.94,"500 year zone","Not in sea level rise area",0,1986-05-01,1989-10-04,NA,10405,3545,69375,108519,0.58,0.11,0.05,0.26,0.35,0.3,827,2452,37.3773,-121.9719
"SOUTHERN AVENUE INDUSTRIAL AREA","Manufacturing/Processing/Maintenance","Metal fabrication/finishing/coating and allied industries","SOUTH GATE","LOS ANGELES","CA","06037","CAN000905902",50,"500 year zone","Not in sea level rise area",NA,2002-02-01,2012-05-10,NA,27413,6951,33567,66934,0.54,0.23,0.01,0.04,0.01,0.94,2306,8258,33.946112,-118.176669
"INTEL CORP. (SANTA CLARA III)","Other","Research, development, and testing facility","SANTA CLARA","SANTA CLARA","CA","06085","CAT000612184",31.94,"500 year zone","Not in sea level rise area",0,1980-08-01,1986-06-10,NA,13148,4487,69375,118441,0.53,0.11,0.05,0.28,0.32,0.31,1028,3091,37.3737,-121.9717
"LIQUID GOLD OIL CORP.","Recycling","Waste/used oil","RICHMOND","CONTRA COSTA","CA","06013","CAT000646208",43.32,"100 year zone","Not in sea level rise area",1,1979-10-01,1983-09-08,1996-09-11,13526,5809,29867,87398,0.55,0.18,0.28,0.26,0.19,0.22,999,2797,37.90833,-122.325
"BRODERICK WOOD PRODUCTS","Manufacturing/Processing/Maintenance","Lumber and wood products/wood preserving/treatment","DENVER","ADAMS","CO","08001","COD000110254",35.13,"100 year zone","Not in sea level rise area",1,1980-08-01,1984-09-21,NA,4630,1588,37179,54417,0.38,0.2,0.01,0.32,0.02,0.63,311,1073,39.8148,-104.9989
"KELLOGG-DEERING WELL FIELD","Other","Ground water plume site with no identifiable source","NORWALK","FAIRFIELD","CT","09001","CTD980670814",39.92,"100 year zone","Not in sea level rise area",0,1980-05-01,1984-09-21,NA,13856,5514,48355,136429,0.36,0.06,0.17,0.55,0.05,0.23,905,2652,41.13055,-73.43195
"TYNDALL AIR FORCE BASE","Other","Military/Other Ordinance","PANAMA CITY","BAY","FL","12005","FL1570024124",50,"Not in flood zone","1.5 meter rise",NA,1988-02-12,1997-04-01,NA,132,41,51635,51635,1,0.08,0.14,0.6,0.05,0.13,23,52,30.0875,-85.58666
"HOMESTEAD AIR FORCE BASE","Manufacturing/Processing/Maintenance","Metal fabrication/finishing/coating and allied industries","HOMESTEAD AIR FORCE BASE","MIAMI-DADE","FL","12086","FL7570024037",42.4,"Not in flood zone","1.5 meter rise",1,1988-02-12,1990-08-30,NA,1058,175,11533,71523,0.65,0.7,0.44,0.14,0.01,0.46,80,322,25.48944,-80.39694
"SYDNEY MINE SLUDGE PONDS","Waste Management","Industrial waste facility (non-generator)","BRANDON","HILLSBOROUGH","FL","12057","FLD000648055",38.93,"100 year zone","Not in sea level rise area",0,1985-02-01,1989-10-04,NA,2792,1051,38074,70914,0.2,0.14,0.08,0.65,0.02,0.22,189,677,27.92916,-82.20916
"REEVES SOUTHEASTERN GALVANIZING CORP.","Manufacturing/Processing/Maintenance","Metal fabrication/finishing/coating and allied industries","TAMPA","HILLSBOROUGH","FL","12057","FLD000824896",58.75,"100 year zone","Not in sea level rise area",1,1980-08-01,1983-09-08,NA,4073,1340,31760,62143,0.68,0.15,0.27,0.36,0.11,0.21,519,995,27.9725,-82.34193
"STAUFFER CHEMICAL CO (TAMPA)","Manufacturing/Processing/Maintenance","Chemicals and allied products","TAMPA","HILLSBOROUGH","FL","12057","FLD004092532",63.62,"Not in flood zone","1 meter rise",1,1980-04-01,1996-12-23,NA,3127,991,15060,46457,0.56,0.34,0.35,0.36,0.01,0.27,213,687,27.96305,-82.37055
"HOLLINGSWORTH SOLDERLESS TERMINAL","Manufacturing/Processing/Maintenance","Electronic/electrical equipment","FORT LAUDERDALE","BROWARD","FL","12011","FLD004119681",44.53,"100 year zone","Not in sea level rise area",0,1980-11-01,1983-09-08,NA,11941,4512,28504,60060,0.4,0.21,0.17,0.41,0.03,0.37,950,2608,26.19833,-80.15221
"STANDARD AUTO BUMPER CORP.","Manufacturing/Processing/Maintenance","Metal fabrication/finishing/coating and allied industries","HIALEAH","MIAMI-DADE","FL","12086","FLD004126520",42.79,"100 year zone","1.5 meter rise",0,1982-04-01,1989-10-04,2007-10-26,31964,10544,14703,70625,0.68,0.35,0.03,0.04,0,0.95,1494,5560,25.84444,-80.28972
"AIRCO PLATING CO.","Manufacturing/Processing/Maintenance","Metal fabrication/finishing/coating and allied industries","MIAMI","MIAMI-DADE","FL","12086","FLD004145140",42.47,"100 year zone","1.5 meter rise",0,1980-08-01,1990-02-21,NA,17561,5582,21336,42083,0.54,0.29,0.27,0.04,0,0.72,926,3428,25.8152,-80.2559
"B&B CHEMICAL CO., INC.","Manufacturing/Processing/Maintenance","Chemicals and allied products","HIALEAH","MIAMI-DADE","FL","12086","FLD004574190",35.35,"100 year zone","1.5 meter rise",1,1985-10-10,1990-08-30,NA,23546,8212,14703,70625,0.67,0.3,0.03,0.07,0,0.9,1134,4100,25.83958,-80.30013
"STAUFFER CHEMICAL CO. (TARPON SPRINGS)","Manufacturing/Processing/Maintenance","Primary metals/mineral processing","TARPON SPRINGS","PINELLAS","FL","12103","FLD010596013",70.71,"100 year zone","1 meter rise",1,1984-12-01,1994-05-31,NA,3389,1718,42407,60306,0.26,0.13,0.05,0.81,0.05,0.08,121,532,28.16666,-82.77569
"ANACONDA ALUMINUM CO./MILGO ELECTRONICS CORP.","Manufacturing/Processing/Maintenance","Metal fabrication/finishing/coating and allied industries","MIAMI","MIAMI-DADE","FL","12086","FLD020536538",31.03,"100 year zone","1.5 meter rise",0,1980-09-01,1990-08-30,1998-07-09,17041,5120,14868,36908,0.39,0.26,0.21,0.02,0,0.8,832,3076,25.84306,-80.25653
"PEPPER STEEL & ALLOYS, INC.","Recycling","Multiple","MEDLEY","MIAMI-DADE","FL","12086","FLD032544587",32.11,"100 year zone","1.5 meter rise",0,1980-02-01,1984-09-21,NA,15990,4338,18250,58953,0.31,0.17,0.02,0.03,0,0.96,745,2900,25.87361,-80.35333
"KERR-MCGEE CHEMICAL CORP - JACKSONVILLE","Manufacturing/Processing/Maintenance","Chemicals and allied products","JACKSONVILLE","DUVAL","FL","12031","FLD039049101",70.71,"Not in flood zone","1.5 meter rise",NA,1981-06-01,2010-03-04,NA,3940,1974,19056,30573,0.56,0.42,0.71,0.24,0,0.03,313,1043,30.3442,-81.6265
"WILSON CONCEPTS OF FLORIDA, INC.","Manufacturing/Processing/Maintenance","Metal fabrication/finishing/coating and allied industries","POMPANO BEACH","BROWARD","FL","12011","FLD041184383",37.93,"100 year zone","1.5 meter rise",0,1985-08-01,1989-03-31,1995-04-04,14048,7107,19299,51806,0.58,0.28,0.22,0.4,0.01,0.34,995,2800,26.21867,-80.14276
"ZELLWOOD GROUND WATER CONTAMINATION","Recycling","Drums/tanks","ZELLWOOD","ORANGE","FL","12095","FLD049985302",51.91,"100 year zone","Not in sea level rise area",1,1980-11-01,1983-09-08,NA,540,249,41883,57500,0.15,0.19,0.1,0.62,0.02,0.23,23,105,28.73195,-81.61333
"HELENA CHEMICAL CO. (TAMPA PLANT)","Manufacturing/Processing/Maintenance","Chemicals and allied products","TAMPA","HILLSBOROUGH","FL","12057","FLD053502696",30.19,"Not in flood zone","1 meter rise",0,1980-08-01,1992-10-14,NA,3033,1044,15060,46457,0.56,0.35,0.35,0.39,0.01,0.25,214,683,27.96393,-82.37481
"SCHUYLKILL METALS CORP.","Recycling","Batteries/scrap metals/secondary smelting/precious metal recovery","PLANT CITY","HILLSBOROUGH","FL","12057","FLD062794003",59.16,"100 year zone","Not in sea level rise area",0,1980-05-01,1983-09-08,2001-08-22,7611,2908,36293,54063,0.51,0.22,0.14,0.45,0.02,0.38,506,2203,28.01083,-82.14306
"GOLD COAST OIL CORP.","Recycling","Chemicals/chemical waste (e.g., solvent recovery)","MIAMI","MIAMI-DADE","FL","12086","FLD071307680",57.8,"Not in flood zone","1.5 meter rise",1,1980-08-01,1983-09-08,1996-10-09,21176,6698,29939,83311,0.3,0.14,0.02,0.11,0.01,0.86,1045,3609,25.7434,-80.3112
"MIAMI DRUM SERVICES","Recycling","Drums/tanks","MIAMI","MIAMI-DADE","FL","12086","FLD076027820",53.56,"500 year zone","1.5 meter rise",0,1979-11-01,1983-09-08,NA,13560,4728,17152,70625,0.7,0.27,0.04,0.08,0,0.87,686,2234,25.83721,-80.31306
"CHEMFORM, INC.","Manufacturing/Processing/Maintenance","Trucks/ships/trains/aircraft and related components","POMPANO BEACH","BROWARD","FL","12011","FLD080174402",37.93,"500 year zone","1.5 meter rise",0,1979-07-01,1989-10-04,2000-07-28,17987,7148,31293,73214,0.47,0.2,0.22,0.4,0.03,0.34,1357,3818,26.18675,-80.1428
"MUNISPORT LANDFILL","Waste Management","Co-disposal landfill (municipal and industrial)","NORTH MIAMI","MIAMI-DADE","FL","12086","FLD084535442",32.37,"100 year zone","1 meter rise",0,1979-01-01,1983-09-08,1999-09-24,12039,4622,24844,63723,0.6,0.29,0.53,0.16,0.04,0.29,765,2736,25.90833,-80.15416
"CALLAWAY & SON DRUM SERVICE","Recycling","Drums/tanks","LAKE ALFRED","POLK","FL","12105","FLD094590916",46.22,"100 year zone","Not in sea level rise area",0,1985-02-01,2000-05-11,2009-08-04,2156,1190,35886,50682,0.23,0.22,0.1,0.75,0.01,0.12,105,386,28.09805,-81.71472
"PICKETTVILLE ROAD LANDFILL","Waste Management","Co-disposal landfill (municipal and industrial)","JACKSONVILLE","DUVAL","FL","12031","FLD980556351",58.75,"100 year zone","Not in sea level rise area",1,1981-06-01,1983-09-08,NA,2084,888,19030,51117,0.33,0.31,0.64,0.31,0,0.06,153,544,30.36861,-81.73888
"DAVIE LANDFILL","Waste Management","Industrial waste facility (non-generator)","DAVIE","BROWARD","FL","12011","FLD980602288",57.86,"100 year zone","Not in sea level rise area",1,1979-11-01,1983-09-08,2006-08-21,3668,1227,90450,91455,0.06,0.04,0.14,0.5,0.08,0.26,107,929,26.0696,-80.3426
"VARSOL SPILL","Other","Transportation (e.g., railroad yards, airport, barge docking site)","MIAMI","MIAMI-DADE","FL","12086","FLD980602346",44.46,"Not in flood zone","1.5 meter rise",0,1979-11-01,1983-09-08,1988-09-01,6816,2392,30605,50816,0.54,0.18,0.04,0.13,0.02,0.84,283,1278,25.8047,-80.2772
"NORTHWEST 58TH STREET LANDFILL","Waste Management","Municipal solid waste landfill","HIALEAH","MIAMI-DADE","FL","12086","FLD980602643",49.43,"100 year zone","Not in sea level rise area",1,1978-12-01,1983-09-08,1996-10-11,4912,2050,18250,80035,0.48,0.11,0.03,0.14,0.07,0.77,407,1244,25.83333,-80.34721
"BROWN WOOD PRESERVING","Manufacturing/Processing/Maintenance","Lumber and wood products/wood preserving/treatment","LIVE OAK","SUWANNEE","FL","12121","FLD980728935",45.51,"500 year zone","Not in sea level rise area",0,1982-05-01,1983-09-08,1995-09-22,440,168,36731,38090,0.36,0.26,0.22,0.64,0,0.14,30,106,30.3025,-83.01305
"PETROLEUM PRODUCTS CORP.","Recycling","Waste/used oil","PEMBROKE PARK","BROWARD","FL","12011","FLD980798698",40.11,"Not in flood zone","1.5 meter rise",0,1982-12-01,1987-07-22,NA,14814,8110,22301,46046,0.5,0.24,0.38,0.26,0.02,0.33,795,2933,25.9926,-80.1696
"ANODYNE, INC.","Manufacturing/Processing/Maintenance","Other","NORTH MIAMI BEACH","MIAMI-DADE","FL","12086","FLD981014368",34.01,"500 year zone","1.5 meter rise",0,1985-06-10,1990-02-21,NA,15943,5375,20862,62143,0.47,0.28,0.82,0.06,0,0.13,1012,3829,25.92318,-80.22153
"WINGATE ROAD MUNICIPAL INCINERATOR DUMP","Waste Management","Other","FORT LAUDERDALE","BROWARD","FL","12011","FLD981021470",31.72,"100 year zone","Not in sea level rise area",1,1982-05-01,1989-10-04,NA,16446,5818,22233,48086,0.47,0.29,0.94,0.02,0.01,0.04,1116,4399,26.1444,-80.1847
"FLORIDA PETROLEUM REPROCESSORS","Recycling","Waste/used oil","FORT LAUDERDALE","BROWARD","FL","12011","FLD984184127",50,"100 year zone","Not in sea level rise area",0,1996-02-16,1998-03-06,NA,10364,3964,34153,107869,0.57,0.27,0.14,0.41,0.04,0.39,709,2101,26.08194,-80.21555
"RALEIGH STREET DUMP","Waste Management","Illegal disposal/open dump","TAMPA","HILLSBOROUGH","FL","12057","FLD984227249",50,"100 year zone","1.5 meter rise",0,1991-12-20,2009-04-09,NA,1115,455,25082,36711,0.46,0.32,0.16,0.43,0.02,0.4,84,270,27.914931,-82.410918
"JJ SEIFERT MACHINE","Manufacturing/Processing/Maintenance","Electronic/electrical equipment","RUSKIN","HILLSBOROUGH","FL","12057","FLN000410232",50,"Not in flood zone","1.5 meter rise",NA,2008-01-01,2010-03-04,NA,570,388,31563,34024,0.2,0.32,0,0.64,0,0.35,24,98,27.6788,-82.4782
"CEDARTOWN INDUSTRIES, INC.","Recycling","Batteries/scrap metals/secondary smelting/precious metal recovery","CEDARTOWN","POLK","GA","13233","GAD095840674",42,"100 year zone","Not in sea level rise area",0,1980-08-01,1990-02-21,2006-09-19,470,181,29449,46528,0.41,0.24,0.15,0.66,0,0.18,34,142,34.0082,-85.2636
"LCP CHEMICALS GEORGIA","Manufacturing/Processing/Maintenance","Chemicals and allied products","BRUNSWICK","GLYNN","GA","13127","GAD099303182",NA,"100 year zone","1.5 meter rise",NA,1980-08-01,1996-06-17,NA,3383,1624,24208,38444,0.54,0.33,0.58,0.34,0,0.04,262,856,31.18944,-81.50833
"HERCULES 009 LANDFILL","Waste Management","Industrial waste landfill","BRUNSWICK","GLYNN","GA","13127","GAD980556906",52.58,"500 year zone","Not in sea level rise area",0,1979-11-01,1984-09-21,NA,3961,1912,24208,38444,0.6,0.3,0.5,0.37,0.02,0.07,261,923,31.2049,-81.4858
"BRUNSWICK WOOD PRESERVING","Manufacturing/Processing/Maintenance","Lumber and wood products/wood preserving/treatment","BRUNSWICK","GLYNN","GA","13127","GAD981024466",54.49,"100 year zone","Not in sea level rise area",1,1991-03-12,1997-04-01,NA,924,392,38444,55603,0.32,0.16,0.15,0.76,0.01,0.06,52,234,31.24222,-81.52805
"DIAMOND SHAMROCK CORP. LANDFILL","Waste Management","Industrial waste landfill","CEDARTOWN","POLK","GA","13233","GAD990741092",35.6,"100 year zone","Not in sea level rise area",0,1979-11-01,1990-08-30,NA,316,122,29449,46528,0.32,0.23,0.11,0.66,0,0.22,23,88,34.0207,-85.2717
"PEARL HARBOR NAVAL COMPLEX","Manufacturing/Processing/Maintenance","Other","PEARL HARBOR","HONOLULU","HI","15003","HI4170090076",70.82,"100 year zone","Not in sea level rise area",1,1980-10-01,1992-10-14,NA,13548,3495,43417,95224,0.54,0.08,0.02,0.1,0.58,0.12,1195,3116,21.38888,-157.98333
"ELECTRO-COATINGS, INC.","Manufacturing/Processing/Maintenance","Metal fabrication/finishing/coating and allied industries","CEDAR RAPIDS","LINN","IA","19113","IAD005279039",42.24,"500 year zone","Not in sea level rise area",0,1983-11-28,1989-10-04,NA,6516,2959,23899,88722,0.42,0.17,0.06,0.85,0.03,0.03,293,1126,41.9953,-91.67138
"WHITE FARM EQUIPMENT CO. DUMP","Waste Management","Other","CHARLES CITY","FLOYD","IA","19067","IAD065210734",53.42,"100 year zone","Not in sea level rise area",1,1985-01-01,1990-08-30,2000-10-30,1478,775,36109,51843,0.42,0.13,0.01,0.88,0.01,0.04,135,378,43.085,-92.68078
"LABOUNTY","Waste Management","Other","CHARLES CITY","FLOYD","IA","19067","IAD980631063",70.73,"100 year zone","Not in sea level rise area",NA,1980-04-01,1983-09-08,1993-10-06,1554,757,36109,51843,0.35,0.18,0.05,0.91,0.01,0.03,81,327,43.058,-92.6696
"PETERSEN SAND & GRAVEL","Waste Management","Industrial waste facility (non-generator)","LIBERTYVILLE","LAKE","IL","17097","ILD003817137",38.43,"100 year zone","Not in sea level rise area",0,1980-09-01,1986-06-10,1991-02-11,1860,684,88915,162961,0.11,0.03,0.02,0.86,0.09,0.03,79,452,42.31583,-87.9537
"LENZ OIL SERVICE, INC.","Other","Product storage/distribution","LEMONT","DUPAGE","IL","17043","ILD005451711",42.33,"100 year zone","Not in sea level rise area",0,1984-02-01,1989-10-04,NA,2510,931,63594,69474,0.21,0.11,0.08,0.64,0.11,0.12,164,560,41.7068,-87.9422
"A & F MATERIAL RECLAIMING, INC.","Recycling","Multiple","GREENUP","CUMBERLAND","IL","17035","ILD980397079",55.49,"100 year zone","Not in sea level rise area",0,1979-10-01,1983-09-08,2012-06-11,85,39,41563,49129,0.21,0.18,0,1,0,0,6,20,39.2439,-88.174
"CROSS BROTHERS PAIL RECYCLING (PEMBROKE)","Recycling","Drums/tanks","PEMBROKE TOWNSHIP","KANKAKEE","IL","17091","ILD980792303",42.04,"500 year zone","Not in sea level rise area",0,1980-04-01,1983-09-08,NA,126,59,25979,25979,0.46,0.34,0.8,0.1,0.01,0.07,5,30,41.0909,-87.5893
"ILADA ENERGY CO.","Recycling","Waste/used oil","EAST CAPE GIRARDEAU","ALEXANDER","IL","17003","ILD980996789",34.21,"100 year zone","Not in sea level rise area",0,1985-06-17,1989-10-04,2001-01-08,209,89,33051,33125,0.25,0.25,0.05,0.88,0.02,0.03,14,48,37.2584,-89.4635
"SEYMOUR RECYCLING CORP.","Recycling","Unknown","SEYMOUR","JACKSON","IN","18071","IND040313017",NA,"100 year zone","Not in sea level rise area",1,1979-04-01,1983-09-08,NA,711,311,44608,61875,0.23,0.1,0.02,0.89,0.02,0.06,44,151,38.9352,-85.9213
"U.S. SMELTER AND LEAD REFINERY, INC.","Multiple","Multiple","EAST CHICAGO","LAKE","IN","18089","IND047030226",70.71,"100 year zone","Not in sea level rise area",0,1980-01-01,2009-04-09,NA,5872,2436,16575,49067,0.43,0.28,0.24,0.3,0.01,0.44,316,1526,41.616758,-87.464046
"GARY DEVELOPMENT LANDFILL","Waste Management","Municipal solid waste landfill","GARY","LAKE","IN","18089","IND077005916",30,"100 year zone","Not in sea level rise area",NA,1979-04-01,2011-09-16,NA,1322,431,88908,88908,0.09,0.05,0.06,0.75,0.02,0.17,64,370,41.365062,-87.253521
"COLUMBUS OLD MUNICIPAL LANDFILL #1","Waste Management","Co-disposal landfill (municipal and industrial)","COLUMBUS","BARTHOLOMEW","IN","18005","IND980607626",45.31,"100 year zone","Not in sea level rise area",0,1981-08-01,1986-06-10,NA,3135,1483,37128,93991,0.61,0.21,0.05,0.8,0.05,0.09,215,713,39.1974,-85.926
"FORT WAYNE REDUCTION DUMP","Waste Management","Industrial waste landfill","FORT WAYNE","ALLEN","IN","18003","IND980679542",42.47,"500 year zone","Not in sea level rise area",0,1982-08-01,1986-06-10,NA,3403,1532,25203,58209,0.34,0.19,0.06,0.83,0.01,0.08,225,813,41.075,-85.06666
"MAIN STREET WELL FIELD","Other","Ground water plume site with no identifiable source","ELKHART","ELKHART","IN","18039","IND980794358",42.49,"100 year zone","Not in sea level rise area",0,1982-06-01,1983-09-08,NA,7232,3468,22212,51635,0.5,0.17,0.07,0.75,0.01,0.14,630,1798,41.69638,-85.97916
"KEYSTONE CORRIDOR GROUND WATER CONTAMINATION","Other","Ground water plume site with no identifiable source","INDIANAPOLIS","MARION","IN","18097","INN000510399",50,"100 year zone","Not in sea level rise area",NA,2009-03-31,NA,NA,10411,5564,21361,52878,0.67,0.29,0.65,0.24,0.01,0.04,725,2230,39.834821,-86.121713
"FORT RILEY","Other","Military/Other Ordinance","JUNCTION CITY","GEARY","KS","20061","KS6214020756",33.79,"100 year zone","Not in sea level rise area",0,1984-08-01,1990-08-30,NA,0,0,Inf,-Inf,NA,NA,NA,NA,NA,NA,0,0,39.16666,-96.75
"29TH & MEAD GROUND WATER CONTAMINATION","Other","Ground water plume site with no identifiable source","WICHITA","SEDGWICK","KS","20173","KSD007241656",42.79,"500 year zone","Not in sea level rise area",0,1981-10-01,1990-02-21,1996-04-29,5540,2244,16627,81389,0.44,0.37,0.29,0.26,0.01,0.43,552,1733,37.7336,-97.3266
"OBEE ROAD","Waste Management","Industrial waste landfill","HUTCHINSON","RENO","KS","20155","KSD980631766",33.62,"500 year zone","Not in sea level rise area",0,1981-05-01,1987-07-22,NA,489,187,68169,68169,0.09,0.01,0.02,0.92,0,0.04,16,98,38.06388,-97.85138
"STROTHER FIELD INDUSTRIAL PARK","Other","Ground water plume site with no identifiable source","WINFIELD","COWLEY","KS","20035","KSD980862726",33.62,"100 year zone","Not in sea level rise area",1,1984-07-01,1986-06-10,NA,52,25,66250,66250,0.1,0.1,0.02,0.94,0,0.02,2,12,37.17083,-97.03193
"B.F. GOODRICH","Waste Management","Industrial waste facility (non-generator)","CALVERT CITY","MARSHALL","KY","21157","KYD006370167",33.01,"100 year zone","Not in sea level rise area",1,1979-11-01,1983-09-08,NA,318,145,42306,47517,0.26,0.14,0,0.96,0,0.02,21,73,37.0503,-88.3234
"AIRCO","Waste Management","Industrial waste landfill","CALVERT CITY","MARSHALL","KY","21157","KYD041981010",35.19,"100 year zone","Not in sea level rise area",1,1980-01-01,1984-09-21,NA,321,146,42306,47517,0.26,0.14,0,0.96,0,0.02,22,75,37.0496,-88.3225
"LEE'S LANE LANDFILL","Waste Management","Co-disposal landfill (municipal and industrial)","LOUISVILLE","JEFFERSON","KY","21111","KYD980557052",39.52,"500 year zone","Not in sea level rise area",1,1979-11-01,1983-09-08,1996-04-25,1487,648,32411,61094,0.24,0.2,0.13,0.8,0,0.04,137,400,38.19111,-85.88306
"DISTLER FARM","Waste Management","Industrial waste facility (non-generator)","JEFFERSON COUNTY","JEFFERSON","KY","21111","KYD980601975",34.62,"100 year zone","Not in sea level rise area",0,1979-06-01,1983-09-08,NA,795,347,31974,58029,0.29,0.19,0.05,0.92,0,0.01,51,223,38.00693,-85.93111
"DISTLER BRICKYARD","Waste Management","Industrial waste facility (non-generator)","WEST POINT","HARDIN","KY","21093","KYD980602155",44.77,"500 year zone","Not in sea level rise area",0,1979-11-01,1983-09-08,NA,495,243,31974,58029,0.4,0.3,0,0.89,0.01,0.05,48,153,37.98971,-85.95138
"NEWPORT DUMP","Waste Management","Co-disposal landfill (municipal and industrial)","NEWPORT","CAMPBELL","KY","21037","KYD985066380",37.63,"500 year zone","Not in sea level rise area",0,1979-11-01,1983-09-08,1996-06-03,15396,7324,16577,56656,0.55,0.36,0.15,0.77,0,0.04,1331,3821,39.07072,-84.49122
"NATIONAL ELECTRIC COIL CO./COOPER INDUSTRIES","Manufacturing/Processing/Maintenance","Electronic/electrical equipment","DAYHOIT","HARLAN","KY","21095","KYD985069954",50,"100 year zone","Not in sea level rise area",0,1989-03-04,1992-10-14,NA,486,239,25580,40119,0.35,0.31,0,0.99,0,0,28,102,36.84388,-83.37138
"MALLARD BAY LANDING BULK PLANT","Manufacturing/Processing/Maintenance","Oil and gas refining","GRAND CHENIERE","CAMERON","LA","22023","LA0000187518",48.55,"100 year zone","Not in sea level rise area",0,1993-04-07,2000-07-27,2005-09-19,16,8,64099,64099,0.17,0.12,0.06,0.88,0,0.06,0,4,29.93401,-92.65546
"SOUTHERN SHIPBUILDING","Manufacturing/Processing/Maintenance","Trucks/ships/trains/aircraft and related components","SLIDELL","ST. TAMMANY","LA","22103","LAD008149015",50,"100 year zone","Not in sea level rise area",1,1987-10-01,1995-05-26,1998-06-16,2771,1016,30223,69762,0.29,0.24,0.26,0.58,0,0.11,245,762,30.2725,-89.80083
"SBA SHIPYARD","Manufacturing/Processing/Maintenance","Trucks/ships/trains/aircraft and related components","JENNINGS","JEFFERSON DAVIS","LA","22053","LAD008434185",NA,"100 year zone","1.5 meter rise",NA,1984-11-18,2016-09-09,NA,152,63,40012,48939,0.23,0.19,0.07,0.88,0.01,0.03,14,44,30.162556,-92.61254
"DELATTE METALS","Recycling","Batteries/scrap metals/secondary smelting/precious metal recovery","PONCHATOULA","TANGIPAHOA","LA","22105","LAD052510344",50,"500 year zone","Not in sea level rise area",0,1981-11-01,1999-01-19,2005-08-08,156,67,42219,42219,0.24,0.19,0.16,0.78,0,0.02,8,40,30.4225,-90.41083
"DELTA SHIPYARD",NA,NA,"HOUMA","TERREBONNE","LA","22109","LAD058475419",NA,"Not in flood zone","1 meter rise",NA,1984-09-12,2014-09-22,NA,1444,585,36206,50764,0.31,0.23,0.14,0.71,0,0.04,136,336,29.565818,-90.705141
"CLEVE REBER","Waste Management","Industrial waste facility (non-generator)","SORRENTO","ASCENSION","LA","22005","LAD980501456",48.8,"100 year zone","Not in sea level rise area",1,1978-11-01,1983-09-08,1997-12-30,620,241,85455,85455,0.18,0.15,0.27,0.62,0.01,0.08,48,174,30.155,-90.87333
"OLD INGER OIL REFINERY","Recycling","Waste/used oil","DARROW","ASCENSION","LA","22005","LAD980745533",NA,"500 year zone","Not in sea level rise area",1,1978-08-01,1983-09-08,2008-08-12,540,205,30275,85455,0.17,0.1,0.29,0.61,0.01,0.06,58,158,30.1647,-90.9955
"BAYOU SORREL","Waste Management","Industrial waste facility (non-generator)","BAYOU SORREL","IBERVILLE","LA","22047","LAD980745541",34.69,"100 year zone","Not in sea level rise area",1,1978-08-01,1984-09-21,1997-09-29,96,45,42359,53294,0.16,0.16,0.35,0.61,0,0.03,6,24,30.2244,-91.4095
"BAYOU BONFOUCA","Manufacturing/Processing/Maintenance","Chemicals and allied products","SLIDELL","ST. TAMMANY","LA","22103","LAD980745632",36.75,"100 year zone","Not in sea level rise area",1,1980-06-01,1983-09-08,NA,4427,1751,30223,69762,0.32,0.21,0.22,0.67,0,0.08,322,1102,30.28221,-89.78416
"DUTCHTOWN TREATMENT PLANT","Recycling","Waste/used oil","ASCENSION PARISH","ASCENSION","LA","22005","LAD980879449",36.41,"500 year zone","Not in sea level rise area",0,1984-10-01,1987-07-22,1999-11-16,2446,910,56206,85455,0.23,0.08,0.19,0.71,0.01,0.05,136,748,30.25666,-90.98
"AGRICULTURE STREET LANDFILL","Waste Management","Municipal solid waste landfill","NEW ORLEANS","ORLEANS","LA","22071","LAD981056997",50,"500 year zone","Not in sea level rise area",0,1985-07-01,1994-12-16,NA,9595,5224,13095,40159,0.52,0.38,0.9,0.05,0,0.03,606,2246,29.98866,-90.04016
"D.L. MUD, INC.","Other","Other","ABBEVILLE","VERMILION","LA","22113","LAD981058019",32.37,"500 year zone","Not in sea level rise area",0,1985-07-01,1989-10-04,2000-03-07,187,75,60250,60250,0.13,0.08,0,0.98,0.01,0.02,9,48,29.9555,-92.1867
"RUSTON FOUNDRY","Manufacturing/Processing/Maintenance","Metal fabrication/finishing/coating and allied industries","ALEXANDRIA","RAPIDES","LA","22079","LAD985185107",43.17,"100 year zone","Not in sea level rise area",1,1990-10-01,1999-05-10,2010-07-13,6527,3194,17863,34025,0.62,0.38,0.88,0.09,0.01,0,503,1847,31.29722,-92.43958
"EVR-WOOD TREATING/EVANGELINE REFINING COMPANY","Manufacturing/Processing/Maintenance","Lumber and wood products/wood preserving/treatment","JENNINGS","ACADIA","LA","22001","LAN000605517",48.2,"Not in flood zone","1.5 meter rise",NA,2003-03-10,2012-09-18,NA,284,114,38782,49607,0.21,0.17,0.09,0.88,0,0,24,73,30.248056,-92.6175
"MATERIALS TECHNOLOGY LABORATORY (USARMY)","Manufacturing/Processing/Maintenance","Ordnance production","WATERTOWN","MIDDLESEX","MA","25017","MA0213820939",48.57,"100 year zone","Not in sea level rise area",0,1981-06-01,1994-05-31,2006-11-21,26313,12169,51776,177083,0.56,0.12,0.05,0.73,0.11,0.09,1369,3993,42.36041,-71.16611
"FORT DEVENS","Waste Management","Co-disposal landfill (municipal and industrial)","FORT DEVENS","MIDDLESEX","MA","25017","MA7210025154",42.24,"100 year zone","Not in sea level rise area",0,1984-05-01,1989-11-21,NA,976,339,74659,126061,0.2,0.1,0.07,0.81,0.04,0.06,46,215,42.53611,-71.59611
"ATLAS TACK CORP.","Manufacturing/Processing/Maintenance","Metal fabrication/finishing/coating and allied industries","FAIRHAVEN","BRISTOL","MA","25005","MAD001026319",42.6,"500 year zone","Not in sea level rise area",0,1980-11-01,1990-02-21,NA,4736,2179,13399,74500,0.36,0.13,0.02,0.87,0.04,0.03,257,866,41.63556,-70.89445
"CREESE & COOK TANNERY (FORMER)","Manufacturing/Processing/Maintenance","Tanneries","DANVERS","ESSEX","MA","25009","MAD001031574",60.57,"Not in flood zone","1.5 meter rise",NA,1979-12-01,2013-05-24,NA,9288,4019,51110,90357,0.37,0.06,0.01,0.92,0.02,0.03,421,1839,42.553056,-70.926667
"HAVERHILL MUNICIPAL LANDFILL","Waste Management","Municipal solid waste landfill","HAVERHILL","ESSEX","MA","25009","MAD980523336",30.29,"Not in flood zone","1 meter rise",NA,1979-11-01,1986-06-10,NA,3491,1334,76563,95208,0.17,0.07,0.02,0.94,0.01,0.03,218,803,42.75388,-71.04666
"PLYMOUTH HARBOR/CANNON ENGINEERING CORP.","Waste Management","Industrial waste facility (non-generator)","PLYMOUTH","PLYMOUTH","MA","25023","MAD980525232",54.82,"Not in flood zone","1.5 meter rise",0,1982-04-01,1983-09-08,1993-11-19,3185,1393,51319,97857,0.48,0.11,0.03,0.92,0,0.03,177,674,41.9796,-70.6854
"NEW BEDFORD","Manufacturing/Processing/Maintenance","Electronic/electrical equipment","NEW BEDFORD","BRISTOL","MA","25005","MAD980731335",NA,"100 year zone","1 meter rise",1,1979-07-01,1983-09-08,NA,18501,8922,13399,68242,0.69,0.3,0.1,0.57,0.03,0.19,1075,3763,41.64317,-70.91988
"PSC RESOURCES","Recycling","Waste/used oil","PALMER","HAMPDEN","MA","25013","MAD980731483",38.66,"100 year zone","Not in sea level rise area",1,1980-11-01,1983-09-08,NA,780,342,53693,53693,0.2,0.07,0,0.97,0,0.02,30,160,42.15333,-72.33028
"WELLS G&H","Other","Ground water plume site with no identifiable source","WOBURN","MIDDLESEX","MA","25017","MAD980732168",55.7,"100 year zone","Not in sea level rise area",1,1979-12-01,1983-09-08,NA,10112,3969,67661,104318,0.37,0.07,0.03,0.87,0.05,0.03,562,2067,42.49471,-71.13083
"HOCOMONCO POND","Manufacturing/Processing/Maintenance","Lumber and wood products/wood preserving/treatment","WESTBOROUGH","WORCESTER","MA","25027","MAD980732341",44.8,"500 year zone","Not in sea level rise area",1,1982-09-01,1983-09-08,NA,2615,1007,84349,125292,0.51,0.05,0.03,0.49,0.42,0.03,253,703,42.27278,-71.65083
"SPECTRON, INC.","Recycling","Chemicals/chemical waste (e.g., solvent recovery)","ELKTON","CECIL","MD","24015","MDD000218008",51.42,"100 year zone","Not in sea level rise area",1,1979-07-01,1994-05-31,NA,658,267,64000,64000,0.1,0.05,0.01,0.96,0,0.01,30,121,39.69124,-75.87777
"SAUER DUMP","Waste Management","Industrial waste landfill","DUNDALK","BALTIMORE","MD","24005","MDD981038334",50,"Not in flood zone","1.5 meter rise",NA,1984-06-01,2012-03-15,NA,2047,837,51049,81336,0.16,0.08,0.1,0.82,0.02,0.03,105,405,39.270267,-76.45271
"PORTSMOUTH NAVAL SHIPYARD","Manufacturing/Processing/Maintenance","Trucks/ships/trains/aircraft and related components","KITTERY","YORK","ME","23031","ME7170022019",50,"Not in flood zone","1.5 meter rise",1,1981-06-01,1994-05-31,NA,3116,1693,62250,98929,0.49,0.03,0.01,0.93,0.02,0.02,141,431,43.08416,-70.74166
"CALLAHAN MINING CORP","Mining","Metals","BROOKSVILLE (CAPE ROSIER)","HANCOCK","ME","23009","MED980524128",50,"Not in flood zone","1 meter rise",1,1981-10-01,2002-09-05,NA,84,67,43239,51591,0.14,0.13,0,0.94,0.01,0.02,2,12,44.35163,-68.81013
"O'CONNOR CO.","Recycling","Batteries/scrap metals/secondary smelting/precious metal recovery","AUGUSTA","KENNEBEC","ME","23011","MED980731475",31.86,"100 year zone","Not in sea level rise area",0,1980-03-01,1983-09-08,NA,1025,398,42145,49418,0.43,0.19,0,0.89,0.02,0.03,61,225,44.30191,-69.73694
"BUTTERWORTH #2 LANDFILL","Waste Management","Industrial waste landfill","GRAND RAPIDS","KENT","MI","26081","MID062222997",50.31,"100 year zone","Not in sea level rise area",1,1979-12-01,1983-09-08,NA,7477,2908,23659,54926,0.49,0.38,0.11,0.49,0.01,0.38,667,2130,42.95221,-85.70028
"AUTO ION CHEMICALS, INC.","Waste Management","Industrial waste facility (non-generator)","KALAMAZOO","KALAMAZOO","MI","26077","MID980794382",32.07,"500 year zone","Not in sea level rise area",0,1975-01-01,1983-09-08,NA,7206,2911,19049,47394,0.54,0.46,0.41,0.4,0.01,0.1,498,2052,42.29388,-85.56721
"LOWER ECORSE CREEK DUMP","Waste Management","Illegal disposal/open dump","WYANDOTTE","WAYNE","MI","26163","MID985574227",NA,"100 year zone","Not in sea level rise area",0,1991-10-01,1994-05-31,2005-07-01,15118,6835,24375,58333,0.27,0.18,0.06,0.78,0,0.13,966,3437,42.23416,-83.15777
"ANNAPOLIS LEAD MINE","Mining","Metals","ANNAPOLIS","IRON","MO","29093","MO0000958611",56.67,"100 year zone","Not in sea level rise area",1,1993-11-05,2004-07-22,NA,35,20,31926,31926,0.29,0.29,0.09,0.89,0,0,2,9,37.35555,-90.675
"TIMES BEACH","Other","Dust control","TIMES BEACH","ST. LOUIS","MO","29189","MOD980685226",40.08,"100 year zone","Not in sea level rise area",0,1982-03-01,1983-09-08,2001-09-25,1149,397,57059,91645,0.1,0.04,0.02,0.92,0.02,0.02,50,298,38.50833,-90.60166
"LEE CHEMICAL","Manufacturing/Processing/Maintenance","Chemicals and allied products","LIBERTY","CLAY","MO","29047","MOD980853519",46.81,"100 year zone","Not in sea level rise area",0,1983-03-01,1986-06-10,NA,694,269,63571,76290,0.24,0.09,0.03,0.9,0,0.04,40,188,39.20111,-94.3925
"VALLEY PARK TCE","Other","Ground water plume site with no identifiable source","VALLEY PARK","ST. LOUIS","MO","29189","MOD980968341",35.57,"100 year zone","Not in sea level rise area",0,1985-02-01,1986-06-10,NA,4258,2202,59679,91524,0.48,0.09,0.01,0.88,0.07,0.02,217,683,38.55278,-90.46666
"IDAHO POLE CO.","Manufacturing/Processing/Maintenance","Lumber and wood products/wood preserving/treatment","BOZEMAN","GALLATIN","MT","30031","MTD006232276",38.29,"500 year zone","Not in sea level rise area",1,1980-08-01,1986-06-10,NA,4127,2144,29393,71250,0.63,0.18,0,0.9,0.01,0.04,197,583,45.68833,-111.0217
"MOUAT INDUSTRIES","Manufacturing/Processing/Maintenance","Chemicals and allied products","COLUMBUS","STILLWATER","MT","30095","MTD021997689",31.66,"100 year zone","Not in sea level rise area",NA,1979-07-01,1986-06-10,NA,41,19,54273,54273,0.19,0.1,0,0.93,0,0.05,3,10,45.628415,-109.241781
"ANACONDA ALUMINUM CO COLUMBIA FALLS REDUCTION PLANT",NA,NA,"COLUMBIA FALLS","FLATHEAD","MT","30029","MTD057561763",NA,"100 year zone","Not in sea level rise area",NA,1988-11-11,2016-09-09,NA,345,149,36505,54861,0.22,0.13,0,0.92,0,0.03,15,78,48.387875,-114.130297
"LIBBY GROUND WATER CONTAMINATION","Manufacturing/Processing/Maintenance","Lumber and wood products/wood preserving/treatment","LIBBY","LINCOLN","MT","30053","MTD980502736",37.7,"500 year zone","Not in sea level rise area",1,1979-07-01,1983-09-08,NA,856,463,22481,46321,0.41,0.26,0,0.96,0.02,0.01,64,189,48.38,-115.5389
"CAROLINA TRANSFORMER CO.","Manufacturing/Processing/Maintenance","Electronic/electrical equipment","FAYETTEVILLE","CUMBERLAND","NC","37051","NCD003188844",33.76,"500 year zone","Not in sea level rise area",0,1978-12-01,1987-07-22,NA,726,338,20587,42004,0.55,0.31,0.57,0.31,0.02,0.04,41,143,35.06333,-78.845
"WRIGHT CHEMICAL CORPORATION","Manufacturing/Processing/Maintenance","Chemicals and allied products","RIEGELWOOD","COLUMBUS","NC","37047","NCD024766719",48.03,"100 year zone","1 meter rise",NA,1983-03-01,2011-03-10,NA,218,99,37092,37092,0.18,0.14,0.42,0.43,0,0.11,11,51,34.3284,-78.2051
"GENERAL ELECTRIC CO/SHEPHERD FARM","Manufacturing/Processing/Maintenance","Electronic/electrical equipment","EAST FLAT ROCK","HENDERSON","NC","37089","NCD079044426",70.71,"100 year zone","Not in sea level rise area",1,1980-08-01,1994-12-16,NA,1558,1062,24683,63783,0.39,0.26,0.03,0.8,0,0.15,25,176,35.27222,-82.41111
"FCX, INC. (WASHINGTON PLANT)","Other","Product storage/distribution","WASHINGTON","BEAUFORT","NC","37013","NCD981475932",40.39,"500 year zone","Not in sea level rise area",0,1986-06-11,1989-03-31,NA,2611,1382,29309,37188,0.56,0.27,0.49,0.46,0,0.06,165,550,35.55958,-77.07445
"HORTON IRON AND METAL","Manufacturing/Processing/Maintenance","Primary metals/mineral processing","WILMINGTON","NEW HANOVER","NC","37129","NCN000407480",48.03,"100 year zone","1.5 meter rise",NA,2002-07-11,2011-09-16,NA,1003,427,22957,43660,0.46,0.3,0.45,0.44,0,0.08,84,230,34.268058,-77.953889
"CORNHUSKER ARMY AMMUNITION PLANT","Manufacturing/Processing/Maintenance","Ordnance production","GRAND ISLAND","HALL","NE","31079","NE2213820234",51.13,"100 year zone","Not in sea level rise area",0,1981-05-28,1987-07-22,NA,37,14,62813,62813,0.23,0.06,0,0.89,0,0.11,2,10,40.92333,-98.4925
"BRUNO CO-OP ASSOCIATION/ASSOCIATED PROPERTIES","Other","Ground water plume site with no identifiable source","BRUNO","BUTLER","NE","31023","NED981713829",50,"100 year zone","Not in sea level rise area",0,1987-02-13,1996-06-17,NA,32,17,57292,57292,0.14,0.06,0,0.97,0,0.03,2,7,41.28472,-96.95972
"10TH STREET SITE","Other","Ground water plume site with no identifiable source","COLUMBUS","PLATTE","NE","31141","NED981713837",28.9,"500 year zone","Not in sea level rise area",0,1987-02-13,1990-08-30,NA,5536,2379,44458,65729,0.34,0.1,0,0.7,0,0.27,455,1487,41.42656,-97.36221
"OLD HWY 275 AND N 288TH STREET",NA,NA,"VALLEY","DOUGLAS","NE","31055","NEN000704272",NA,"100 year zone","Not in sea level rise area",NA,NA,2017-08-02,NA,217,110,52708,52708,0.37,0.15,0.02,0.93,0,0.02,16,44,41.33012,-96.36524
"FLETCHER'S PAINT WORKS & STORAGE","Multiple","Multiple","MILFORD","HILLSBOROUGH","NH","33011","NHD001079649",35.39,"100 year zone","Not in sea level rise area",1,1985-06-25,1989-03-31,NA,4357,2025,45605,131149,0.48,0.08,0.01,0.91,0.03,0.02,218,948,42.8358,-71.6554
"NEW HAMPSHIRE PLATING CO.","Manufacturing/Processing/Maintenance","Metal fabrication/finishing/coating and allied industries","MERRIMACK","HILLSBOROUGH","NH","33011","NHD001091453",50,"100 year zone","Not in sea level rise area",1,1984-05-01,1992-10-14,NA,2264,1002,64665,111116,0.27,0.05,0,0.95,0.02,0.02,95,449,42.85583,-71.48888
"SAVAGE MUNICIPAL WATER SUPPLY","Other","Ground water plume site with no identifiable source","MILFORD","HILLSBOROUGH","NH","33011","NHD980671002",37.52,"500 year zone","Not in sea level rise area",0,1983-05-01,1984-09-21,NA,2639,1158,45605,94303,0.41,0.06,0.01,0.9,0.04,0.03,129,607,42.8418,-71.6884
"SOUTH MUNICIPAL WATER SUPPLY WELL","Manufacturing/Processing/Maintenance","Metal fabrication/finishing/coating and allied industries","PETERBOROUGH","HILLSBOROUGH","NH","33011","NHD980671069",35.64,"100 year zone","Not in sea level rise area",0,1983-05-01,1984-09-21,NA,523,274,60529,83772,0.35,0.06,0,0.98,0.01,0.01,3,79,42.8502,-71.9654
"CHLOR-ALKALI FACILITY (FORMER)","Manufacturing/Processing/Maintenance","Chemicals and allied products","BERLIN","COOS","NH","33007","NHN000103313",30.54,"100 year zone","Not in sea level rise area",NA,2004-01-06,2005-09-14,NA,1466,684,28750,46910,0.41,0.25,0.08,0.85,0,0.04,65,240,44.47919,-71.16719
"GRAND STREET MERCURY","Manufacturing/Processing/Maintenance","Electronic/electrical equipment","HOBOKEN","HUDSON","NJ","34017","NJ0001327733",NA,"100 year zone","1.5 meter rise",0,1995-12-22,1997-09-25,2007-09-18,97446,44857,30625,209896,0.71,0.15,0.05,0.47,0.12,0.36,6935,16920,40.74611,-74.03444
"QUANTA RESOURCES","Multiple","Multiple","EDGEWATER","BERGEN","NJ","34003","NJD000606442",50,"100 year zone","1 meter rise",1,1981-06-01,2002-09-05,NA,77444,38543,39414,137344,0.66,0.11,0.05,0.52,0.11,0.31,4311,12204,40.8043,-73.98916
"CHEMICAL CONTROL","Waste Management","Industrial waste facility (non-generator)","ELIZABETH","UNION","NJ","34039","NJD000607481",47.13,"100 year zone","1.5 meter rise",0,1979-05-01,1983-09-08,NA,26224,8543,32460,84559,0.73,0.24,0.19,0.1,0.01,0.71,2589,8422,40.6432,-74.1935
"UNIVERSAL OIL PRODUCTS (CHEMICAL DIVISION)","Manufacturing/Processing/Maintenance","Chemicals and allied products","EAST RUTHERFORD","BERGEN","NJ","34003","NJD002005106",54.63,"100 year zone","Not in sea level rise area",1,1981-05-01,1983-09-08,NA,8356,3429,55179,107644,0.54,0.09,0.04,0.59,0.15,0.21,460,1639,40.83,-74.08888
"PIERSON'S CREEK",NA,NA,"NEWARK","ESSEX","NJ","34013","NJD002144517",NA,"100 year zone","1 meter rise",NA,NA,2014-09-22,NA,23531,6889,33407,61213,0.78,0.18,0.12,0.4,0,0.4,1535,4639,40.7163,-74.1452
"ORANGE VALLEY REGIONAL GROUND WATER CONTAMINATION","Other","Retail/commercial","WEST ORANGE/ORANGE","ESSEX","NJ","34013","NJD002148799",50,"100 year zone","Not in sea level rise area",NA,1992-02-28,2012-09-18,NA,32635,13376,27269,119135,0.67,0.19,0.6,0.14,0.03,0.22,2452,7912,40.769825,-74.243479
"STANDARD CHLORINE","Manufacturing/Processing/Maintenance","Chemicals and allied products","KEARNY","HUDSON","NJ","34017","NJD002175057",50,"100 year zone","1.5 meter rise",NA,1980-07-01,2007-09-19,NA,2821,1033,40341,96786,0.67,0.15,0.13,0.38,0.16,0.33,216,593,40.75,-74.09722
"HERCULES, INC. (GIBBSTOWN PLANT)","Waste Management","Industrial waste facility (non-generator)","GIBBSTOWN","GLOUCESTER","NJ","34015","NJD002349058",40.36,"100 year zone","1 meter rise",1,1980-09-01,1983-09-08,NA,1283,576,53897,64652,0.19,0.08,0.02,0.93,0.01,0.02,43,257,39.83888,-75.27778
"MATTEO & SONS INC.","Waste Management","Industrial waste landfill","THOROFARE","GLOUCESTER","NJ","34015","NJD011770013",50,"100 year zone","1.5 meter rise",NA,1996-06-24,2006-09-27,NA,5145,2126,60341,72589,0.24,0.07,0.06,0.89,0.01,0.03,284,1098,39.85559,-75.1727
"MARTIN AARON, INC.","Recycling","Drums/tanks","CAMDEN","CAMDEN","NJ","34007","NJD014623854",50,"100 year zone","1.5 meter rise",1,1986-08-01,1999-07-22,NA,17249,7588,12015,101984,0.7,0.45,0.65,0.04,0,0.36,2085,5961,39.92611,-75.11916
"CHEMICAL LEAMAN TANK LINES, INC.","Other","Transportation (e.g., railroad yards, airport, barge docking site)","BRIDGEPORT","GLOUCESTER","NJ","34015","NJD047321443",47.53,"Not in flood zone","1 meter rise",0,1981-06-01,1984-09-21,NA,710,256,87200,87200,0.04,0.06,0.09,0.81,0.02,0.04,32,183,39.79833,-75.33278
"KIN-BUC LANDFILL","Waste Management","Co-disposal landfill (municipal and industrial)","EDISON TOWNSHIP","MIDDLESEX","NJ","34023","NJD049860836",50.64,"100 year zone","Not in sea level rise area",1,1974-09-01,1983-09-08,NA,3322,1254,60357,106196,0.38,0.06,0.1,0.44,0.3,0.15,235,691,40.4891,-74.3785
"BRIDGEPORT RENTAL & OIL SERVICES","Recycling","Waste/used oil","BRIDGEPORT","GLOUCESTER","NJ","34015","NJD053292652",60.73,"Not in flood zone","1 meter rise",0,1979-10-01,1983-09-08,NA,710,256,87200,87200,0.04,0.06,0.09,0.81,0.02,0.04,32,183,39.80166,-75.32166
"NL INDUSTRIES","Recycling","Batteries/scrap metals/secondary smelting/precious metal recovery","PEDRICKTOWN (OLDMANS TOWN","SALEM","NJ","34033","NJD061843249",52.96,"Not in flood zone","1 meter rise",0,1981-06-01,1983-09-08,NA,273,108,72045,72045,0.12,0.07,0.04,0.9,0.01,0.03,19,63,39.75806,-75.42471
"SYNCON RESINS","Manufacturing/Processing/Maintenance","Chemicals and allied products","SOUTH KEARNY","HUDSON","NJ","34017","NJD064263817",43.43,"100 year zone","1 meter rise",0,1984-04-10,1983-09-08,NA,5409,1975,33407,64143,0.74,0.26,0.15,0.32,0.01,0.47,508,1400,40.73778,-74.11471
"SCIENTIFIC CHEMICAL PROCESSING","Recycling","Chemicals/chemical waste (e.g., solvent recovery)","CARLSTADT","BERGEN","NJ","34003","NJD070565403",55.97,"100 year zone","1.5 meter rise",1,1981-06-01,1983-09-08,NA,4873,1973,55179,96824,0.56,0.09,0.04,0.55,0.13,0.28,249,937,40.82454,-74.07432
"BROOK INDUSTRIAL PARK","Manufacturing/Processing/Maintenance","Multiple","BOUND BROOK","SOMERSET","NJ","34035","NJD078251675",58.12,"100 year zone","Not in sea level rise area",0,1986-05-01,1989-10-04,NA,14712,6119,49853,108363,0.42,0.09,0.06,0.5,0.04,0.36,1226,3162,40.56013,-74.53611
"LCP CHEMICALS INC.","Manufacturing/Processing/Maintenance","Chemicals and allied products","LINDEN","UNION","NJ","34039","NJD079303020",50,"500 year zone","1.5 meter rise",NA,1981-06-01,1998-07-28,NA,3091,1075,55903,84559,0.45,0.17,0.12,0.43,0.14,0.32,213,740,40.6075,-74.21027
"LANG PROPERTY","Waste Management","Other","PEMBERTON TOWNSHIP","BURLINGTON","NJ","34005","NJD980505382",48.89,"100 year zone","Not in sea level rise area",0,1980-02-01,1983-09-08,NA,1040,381,72169,72169,0.15,0.09,0.16,0.65,0.04,0.13,45,225,39.92916,-74.49445
"SAYREVILLE LANDFILL","Waste Management","Co-disposal landfill (municipal and industrial)","SAYREVILLE","MIDDLESEX","NJ","34023","NJD980505754",37.05,"100 year zone","Not in sea level rise area",1,1981-05-01,1983-09-08,2011-09-29,9900,3597,47192,96500,0.44,0.1,0.16,0.54,0.1,0.18,576,2395,40.44556,-74.35833
"DIAMOND ALKALI CO.","Manufacturing/Processing/Maintenance","Chemicals and allied products","NEWARK","ESSEX","NJ","34013","NJD980528996",35.4,"500 year zone","Not in sea level rise area",1,1979-11-01,1984-09-21,NA,14061,5099,33407,70913,0.73,0.22,0.1,0.33,0.07,0.44,1230,3432,40.73971,-74.13611
"VENTRON/VELSICOL","Manufacturing/Processing/Maintenance","Chemicals and allied products","WOOD RIDGE BOROUGH","BERGEN","NJ","34003","NJD980529879",51.38,"100 year zone","Not in sea level rise area",1,1974-06-01,1984-09-21,NA,9255,3622,55179,96824,0.34,0.07,0.02,0.69,0.1,0.17,476,1834,40.84,-74.07943
"PIJAK FARM","Waste Management","Industrial waste facility (non-generator)","PLUMSTEAD TOWNSHIP","OCEAN","NJ","34029","NJD980532808",43.48,"100 year zone","Not in sea level rise area",0,1980-02-01,1983-09-08,1997-03-03,1266,448,86694,86694,0.15,0.05,0.04,0.89,0,0.06,77,325,40.07555,-74.49943
"SPENCE FARM","Waste Management","Industrial waste facility (non-generator)","PLUMSTEAD TOWNSHIP","OCEAN","NJ","34029","NJD980532816",45.87,"100 year zone","Not in sea level rise area",0,1980-02-01,1983-09-08,1997-03-03,1266,448,86694,86694,0.15,0.05,0.04,0.89,0,0.06,77,325,40.0789,-74.5061
"U.S. RADIUM CORP.","Manufacturing/Processing/Maintenance","Radioactive products","ORANGE","ESSEX","NJ","34013","NJD980654172",37.79,"100 year zone","Not in sea level rise area",0,1982-08-01,1983-09-08,NA,36768,15322,26875,170433,0.71,0.18,0.61,0.11,0.02,0.26,2311,8956,40.78138,-74.22861
"MYERS PROPERTY","Manufacturing/Processing/Maintenance","Chemicals and allied products","FRANKLIN TOWNSHIP","HUNTERDON","NJ","34019","NJD980654198",33.83,"100 year zone","Not in sea level rise area",0,1980-04-01,1983-09-08,NA,566,211,96591,122527,0.1,0.03,0.04,0.89,0.02,0.05,23,130,40.595,-74.9404
"HORSESHOE ROAD","Multiple","Multiple","SAYREVILLE","MIDDLESEX","NJ","34023","NJD980663678",51.37,"Not in flood zone","1.5 meter rise",0,1982-07-01,1995-09-29,NA,4270,1629,66667,84023,0.27,0.07,0.11,0.59,0.17,0.14,249,927,40.48472,-74.31944
"PUCHACK WELL FIELD","Other","Ground water plume site with no identifiable source","PENNSAUKEN TOWNSHIP","CAMDEN","NJ","34007","NJD981084767",50,"Not in flood zone","1.5 meter rise",0,1987-05-01,1998-03-06,NA,5740,2181,41719,79141,0.22,0.15,0.24,0.36,0.05,0.34,404,1250,39.97666,-75.05194
"ATLANTIC RESOURCES","Recycling","Multiple","SAYREVILLE","MIDDLESEX","NJ","34023","NJD981558430",50,"Not in flood zone","1.5 meter rise",0,1984-04-10,2002-09-05,NA,3668,1418,66667,84023,0.27,0.06,0.1,0.59,0.16,0.14,213,793,40.48611,-74.31944
"WELSBACH & GENERAL GAS MANTLE (CAMDEN RADIATION)","Manufacturing/Processing/Maintenance","Radioactive products","CAMDEN AND GLOUCESTER CIT","CAMDEN","NJ","34007","NJD986620995",41.46,"100 year zone","1.5 meter rise",0,1991-12-01,1996-06-17,NA,12240,5413,12015,101984,0.72,0.45,0.68,0.05,0.01,0.33,1543,4615,39.91972,-75.12194
"FORMER KIL-TONE COMPANY",NA,NA,"VINELAND","CUMBERLAND","NJ","34011","NJN000200874",NA,"Not in flood zone","1.5 meter rise",NA,NA,2016-04-07,NA,470,207,46195,46195,0.33,0.22,0.11,0.74,0.01,0.1,39,128,39.2842,-75.0132
"CROWN VANTAGE LANDFILL","Waste Management","Industrial waste landfill","ALEXANDRIA TOWNSHIP","HUNTERDON","NJ","34019","NJN000204492",50,"500 year zone","Not in sea level rise area",0,2003-08-06,2005-04-27,NA,576,249,88125,115000,0.12,0.05,0.01,0.96,0.01,0.02,19,114,40.55202,-75.07891
"RARITAN BAY SLAG","Other","Other","OLD BRIDGE TWP/SAYREVILLE","MIDDLESEX","NJ","34023","NJN000206276",50,"100 year zone","1.5 meter rise",NA,2008-07-09,2009-11-04,NA,4714,1869,74103,74103,0.21,0.05,0.08,0.72,0.08,0.12,214,834,40.464589,-74.258017
"RIVERSIDE INDUSTRIAL PARK","Manufacturing/Processing/Maintenance","Chemicals and allied products","NEWARK","ESSEX","NJ","34013","NJSFN0204232",50,"100 year zone","1.5 meter rise",NA,2010-02-08,2013-05-24,NA,57403,21369,25349,92660,0.71,0.22,0.15,0.21,0.03,0.6,3933,14213,40.767815,-74.158501
"WOODBROOK ROAD DUMP","Waste Management","Illegal disposal/open dump","SOUTH PLAINFIELD","MIDDLESEX","NJ","34023","NJSFN0204260",50,"100 year zone","Not in sea level rise area",NA,2000-03-08,2003-04-30,NA,8054,2885,100873,114330,0.32,0.04,0.08,0.28,0.55,0.05,565,1922,40.56156,-74.40291
"GRANTS CHLORINATED SOLVENTS","Other","Ground water plume site with no identifiable source","GRANTS","CIBOLA","NM","35006","NM0007271768",50,"100 year zone","Not in sea level rise area",0,1998-09-30,2004-07-22,NA,4017,1533,32620,46617,0.37,0.18,0.01,0.29,0.01,0.53,451,1123,35.15577,-107.84388
"AT & SF (CLOVIS)","Manufacturing/Processing/Maintenance","Trucks/ships/trains/aircraft and related components","CLOVIS","CURRY","NM","35009","NMD043158591",33.62,"100 year zone","Not in sea level rise area",1,1980-02-01,1983-09-08,2003-03-17,666,245,31000,36667,0.39,0.25,0.05,0.26,0,0.65,41,184,34.37833,-103.2117
"AT&SF (ALBUQUERQUE)","Manufacturing/Processing/Maintenance","Lumber and wood products/wood preserving/treatment","ALBUQUERQUE","BERNALILLO","NM","35001","NMD980622864",50,"500 year zone","Not in sea level rise area",0,1982-04-01,1994-12-16,NA,617,204,24786,35089,0.3,0.31,0.02,0.16,0.01,0.8,41,146,35.03333,-106.65527
"PAGANO SALVAGE","Recycling","Other","LOS LUNAS","VALENCIA","NM","35061","NMD980749980",35.57,"100 year zone","Not in sea level rise area",0,1981-02-01,1989-10-04,1992-10-14,1870,772,37009,50183,0.14,0.21,0.01,0.37,0,0.6,90,416,34.7896,-106.7205
"NORTH RAILROAD AVENUE PLUME","Other","Ground water plume site with no identifiable source","ESPANOLA","RIO ARRIBA","NM","35039","NMD986670156",50,"500 year zone","Not in sea level rise area",0,1990-08-01,1999-01-19,NA,2761,1206,26603,48576,0.4,0.3,0.01,0.1,0.01,0.85,218,706,35.9914,-106.08138
"CARSON RIVER MERCURY SITE","Waste Management","Mine tailings disposal","DAYTON","MONTGOMERY","NV","32019","NVD980813646",39.07,"100 year zone","Not in sea level rise area",0,1983-03-01,1990-08-30,NA,533,218,49000,49471,0.25,0.18,0.01,0.79,0.01,0.14,34,121,39.23195,-119.5892
"CONSOLIDATED IRON AND METAL","Recycling","Batteries/scrap metals/secondary smelting/precious metal recovery","NEWBURGH","ORANGE","NY","36071","NY0002455756",50,"100 year zone","Not in sea level rise area",0,1999-08-18,2001-06-14,NA,15490,6435,24348,76728,0.74,0.38,0.32,0.16,0,0.52,1575,5602,41.49802,-74.00563
"POLLUTION ABATEMENT SERVICES","Waste Management","Industrial waste facility (non-generator)","OSWEGO","OSWEGO","NY","36075","NYD000511659",NA,"100 year zone","Not in sea level rise area",1,1976-10-01,1983-09-08,NA,2202,1151,32069,53398,0.41,0.22,0.04,0.86,0.01,0.04,149,547,43.47,-76.48333
"OLEAN WELL FIELD","Other","Ground water plume site with no identifiable source","OLEAN","CATTARAUGUS","NY","36009","NYD980528657",44.46,"100 year zone","Not in sea level rise area",0,1982-06-01,1983-09-08,NA,2292,1091,44943,52104,0.38,0.15,0.07,0.91,0.02,0,134,508,42.06943,-78.40471
"SINCLAIR REFINERY","Waste Management","Industrial waste facility (non-generator)","WELLSVILLE","ALLEGANY","NY","36003","NYD980535215",72.01,"100 year zone","Not in sea level rise area",1,1982-05-01,1983-09-08,NA,167,88,40658,47100,0.31,0.19,0.01,0.97,0.01,0.01,9,37,42.1088,-77.9416
"KENTUCKY AVENUE WELL FIELD","Other","Ground water plume site with no identifiable source","HORSEHEADS","CHEMUNG","NY","36015","NYD980650667",39.65,"100 year zone","Not in sea level rise area",1,1982-05-01,1983-09-08,NA,3477,1725,31898,81087,0.46,0.15,0.01,0.91,0.03,0.01,244,757,42.14583,-76.82833
"HUDSON RIVER PCBS","Manufacturing/Processing/Maintenance","Electronic/electrical equipment","HUDSON RIVER","WASHINGTON","NY","36115","NYD980763841",54.66,"100 year zone","Not in sea level rise area",0,1983-07-01,1984-09-21,NA,1102,500,48158,76600,0.39,0.11,0.04,0.93,0,0.01,88,283,43.1102,-73.5765
"SUFFERN VILLAGE WELL FIELD","Manufacturing/Processing/Maintenance","Other","VILLAGE OF SUFFERN","ROCKLAND","NY","36087","NYD980780878",35.57,"100 year zone","Not in sea level rise area",0,1984-09-01,1986-06-10,1993-05-28,5773,2202,61475,116563,0.4,0.09,0.08,0.61,0.04,0.23,317,1287,41.1162,-74.159
"WAPPINGER CREEK",NA,NA,"WAPPINGER FALLS, TOWN OF WAPPINGER, TOWN OF POUGHKEEPSIE","DUTCHESS","NY","36027","NYN000201758",NA,"100 year zone","1.5 meter rise",NA,NA,2016-09-09,NA,6131,2596,57536,99536,0.57,0.12,0.1,0.57,0.09,0.26,322,1282,41.594219,-73.926283
"GOWANUS CANAL","Other","Contaminated sediment site with no identifiable source","BROOKLYN","KINGS","NY","36047","NYN000206222",50,"Not in flood zone","1 meter rise",NA,2008-01-10,2010-03-04,NA,89832,39819,14000,145294,0.7,0.13,0.1,0.57,0.06,0.24,6106,16370,40.672603,-73.997917
"NEWTOWN CREEK","Other","Other","BROOKLYN, QUEENS","QUEENS","NY","36047","NYN000206282",50,"Not in flood zone","1.5 meter rise",NA,2008-08-15,2010-09-29,NA,73320,30822,19518,96146,0.84,0.24,0.12,0.39,0.07,0.44,3957,12443,40.715192,-73.930762
"EIGHTEENMILE CREEK","Other","Contaminated sediment site with no identifiable source","LOCKPORT","NIAGARA","NY","36063","NYN000206456",50,"100 year zone","Not in sea level rise area",NA,2011-03-10,2012-03-15,NA,6612,3411,21750,63925,0.47,0.23,0.09,0.83,0.01,0.05,540,1661,43.1813,-78.689544
"WRIGHT-PATTERSON AIR FORCE BASE","Waste Management","Industrial waste facility (non-generator)","DAYTON","MONTGOMERY","OH","39113","OH7571724312",57.85,"100 year zone","Not in sea level rise area",1,1980-08-01,1989-10-04,NA,1172,316,24456,89821,0.89,0.24,0.14,0.73,0.04,0.07,59,178,39.8071,-84.0697
"UNITED SCRAP LEAD CO., INC.","Recycling","Batteries/scrap metals/secondary smelting/precious metal recovery","TROY","MIAMI","OH","39109","OHD018392928",58.15,"100 year zone","Not in sea level rise area",1,1983-03-01,1984-09-21,NA,3169,1331,39207,89044,0.31,0.15,0.02,0.95,0.01,0.01,220,768,40.00888,-84.19861
"ALLIED CHEMICAL & IRONTON COKE","Manufacturing/Processing/Maintenance","Multiple","IRONTON","LAWRENCE","OH","39087","OHD043730217",47.05,"500 year zone","Not in sea level rise area",1,1979-04-01,1983-09-08,NA,3674,1697,15036,65900,0.36,0.25,0.04,0.95,0,0.01,261,645,38.5057,-82.658
"BOWERS LANDFILL","Waste Management","Co-disposal landfill (municipal and industrial)","CIRCLEVILLE","PICKAWAY","OH","39129","OHD980509616",51.8,"100 year zone","Not in sea level rise area",1,1979-04-01,1983-09-08,1997-10-29,871,350,73816,73816,0.08,0.13,0.06,0.93,0,0,54,209,39.6375,-82.96528
"ZANESVILLE WELL FIELD","Other","Ground water plume site with no identifiable source","ZANESVILLE","MUSKINGUM","OH","39119","OHD980794598",35.59,"100 year zone","Not in sea level rise area",0,1982-06-01,1983-09-08,NA,3605,1622,29722,51940,0.46,0.22,0.06,0.89,0,0.01,232,842,39.96778,-81.99223
"PETERS CARTRIDGE FACTORY","Manufacturing/Processing/Maintenance","Ordnance production","KINGS MILLS","WARREN","OH","39165","OHD987051083",50,"100 year zone","Not in sea level rise area",1,1992-12-02,2012-09-18,NA,3531,1370,64571,87466,0.25,0.03,0.02,0.94,0.02,0.01,235,980,39.35069,-84.24222
"MILFORD CONTAMINATED AQUIFER","Other","Spill or other one-time event","MILFORD","CLERMONT","OH","39025","OHSFN0507973",50,"100 year zone","Not in sea level rise area",NA,2000-01-05,2011-03-10,NA,3666,1815,31294,167500,0.5,0.2,0.03,0.94,0.01,0.01,206,797,39.177667,-84.293778
"DOUBLE EAGLE REFINERY CO.","Recycling","Waste/used oil","OKLAHOMA CITY","OKLAHOMA","OK","40109","OKD007188717",30.83,"500 year zone","Not in sea level rise area",0,1980-06-01,1989-03-31,2008-08-21,2789,1386,16199,68750,0.57,0.32,0.58,0.17,0,0.18,250,834,35.46833,-97.47833
"MOSLEY ROAD SANITARY LANDFILL","Waste Management","Co-disposal landfill (municipal and industrial)","OKLAHOMA CITY","OKLAHOMA","OK","40109","OKD980620868",38.06,"100 year zone","Not in sea level rise area",1,1980-05-01,1990-02-21,2013-09-26,1811,960,24655,65231,0.62,0.24,0.47,0.41,0.01,0.04,171,412,35.5025,-97.41486
"TENTH STREET DUMP/JUNKYARD","Waste Management","Other","OKLAHOMA CITY","OKLAHOMA","OK","40109","OKD980620967",30.98,"100 year zone","Not in sea level rise area",1,1982-04-01,1987-07-22,2000-11-21,3796,1988,16199,40074,0.52,0.3,0.6,0.26,0.01,0.06,283,814,35.47805,-97.45193
"FOURTH STREET ABANDONED REFINERY","Manufacturing/Processing/Maintenance","Oil and gas refining","OKLAHOMA CITY","OKLAHOMA","OK","40109","OKD980696470",30.67,"500 year zone","Not in sea level rise area",0,1980-07-01,1989-03-31,2008-08-21,3067,1628,16199,41509,0.61,0.32,0.63,0.16,0,0.13,243,844,35.47027,-97.47305
"SAND SPRINGS PETROCHEMICAL COMPLEX","Multiple","Multiple","SAND SPRINGS","TULSA","OK","40143","OKD980748446",28.86,"500 year zone","Not in sea level rise area",1,1980-08-01,1986-06-10,2000-03-17,2525,1067,38913,61902,0.34,0.12,0.01,0.78,0.01,0.02,240,670,36.13083,-96.10138
"TAYLOR LUMBER AND TREATING","Manufacturing/Processing/Maintenance","Lumber and wood products/wood preserving/treatment","SHERIDAN","YAMHILL","OR","41071","ORD009042532",71.78,"500 year zone","Not in sea level rise area",1,1979-08-01,2001-06-14,NA,96,41,36566,36566,0.4,0.14,0.01,0.8,0,0.07,4,22,45.09722,-123.42694
"REYNOLDS METALS COMPANY","Manufacturing/Processing/Maintenance","Primary metals/mineral processing","TROUTDALE","MULTNOMAH","OR","41051","ORD009412677",70.71,"500 year zone","Not in sea level rise area",1,1979-07-01,1994-12-16,NA,1210,487,43750,69940,0.31,0.18,0.03,0.67,0.07,0.19,62,256,45.5569,-122.39916
"HARBOR OIL INC.","Recycling","Waste/used oil","PORTLAND","MULTNOMAH","OR","41051","ORD071803985",48,"Not in flood zone","1 meter rise",NA,1979-07-01,2003-09-29,NA,917,492,45299,58750,0.2,0.11,0.09,0.68,0.08,0.08,35,144,45.60638,-122.69138
"PORTLAND HARBOR","Other","Contaminated sediment site with no identifiable source","PORTLAND","MULTNOMAH","OR","41051","ORSFN1002155",50,"Not in flood zone","1.5 meter rise",NA,1997-05-02,2000-12-01,NA,1481,645,50495,90777,0.36,0.14,0.06,0.68,0.05,0.14,123,304,45.61527,-122.79305
"DOUGLASSVILLE DISPOSAL","Multiple","Multiple","DOUGLASSVILLE","BERKS","PA","42011","PAD002384865",55.18,"500 year zone","Not in sea level rise area",1,1980-10-01,1983-09-08,NA,1927,721,65259,76569,0.23,0.07,0.05,0.9,0.01,0.03,59,474,40.2575,-75.73528
"AVCO LYCOMING (WILLIAMSPORT DIVISION)","Manufacturing/Processing/Maintenance","Trucks/ships/trains/aircraft and related components","WILLIAMSPORT","LYCOMING","PA","42081","PAD003053709",42.24,"500 year zone","Not in sea level rise area",0,1984-08-01,1990-02-21,NA,7563,3515,13750,73611,0.51,0.3,0.12,0.84,0.01,0.02,463,1505,41.24403,-77.04111
"DRAKE CHEMICAL","Manufacturing/Processing/Maintenance","Chemicals and allied products","LOCK HAVEN","CLINTON","PA","42035","PAD003058047",38.52,"500 year zone","Not in sea level rise area",1,1979-04-01,1983-09-08,NA,5309,2157,24632,58929,0.64,0.38,0.04,0.92,0.01,0.02,360,1028,41.12916,-77.44361
"STANLEY KESSLER","Recycling","Batteries/scrap metals/secondary smelting/precious metal recovery","KING OF PRUSSIA","MONTGOMERY","PA","42091","PAD014269971",33.89,"100 year zone","Not in sea level rise area",0,1979-11-01,1983-09-08,NA,6938,3433,52607,150278,0.48,0.07,0.04,0.72,0.16,0.03,431,1321,40.08388,-75.355
"OHIO RIVER PARK","Waste Management","Industrial waste facility (non-generator)","NEVILLE ISLAND","ALLEGHENY","PA","42003","PAD980508816",49.27,"500 year zone","Not in sea level rise area",1,1978-08-01,1990-08-30,NA,5636,3014,32756,100689,0.46,0.15,0.09,0.82,0.01,0.03,300,1002,40.51861,-80.1525
"PRESQUE ISLE","Other","Unknown","ERIE","ERIE","PA","42049","PAD980508865",40.59,"100 year zone","Not in sea level rise area",0,1980-07-01,1983-09-08,1989-02-13,272,149,38750,38750,0.33,0.12,0.02,0.93,0.01,0.02,14,40,42.1497,-80.1333
"WADE (ABM)","Multiple","Multiple","CHESTER","DELAWARE","PA","42045","PAD980539407",36.63,"Not in flood zone","1 meter rise",1,1977-04-01,1983-09-08,1989-03-23,9654,4397,16773,87200,0.62,0.38,0.79,0.1,0,0.12,644,2510,39.8337,-75.3775
"ENTERPRISE AVENUE","Waste Management","Multiple","PHILADELPHIA","PHILADELPHIA","PA","42101","PAD980552913",40.8,"100 year zone","1 meter rise",0,1979-11-01,1983-09-08,1986-03-07,1,1,Inf,-Inf,1,0,0,1,0,0,0,0,39.885,-75.2125
"BRUIN LAGOON","Waste Management","Industrial waste facility (non-generator)","BRUIN BOROUGH","BUTLER","PA","42019","PAD980712855",73.11,"100 year zone","Not in sea level rise area",1,1979-11-01,1983-09-08,1997-09-18,189,84,49133,49133,0.15,0.16,0.03,0.96,0,0.01,8,41,41.05111,-79.725
"BROWN'S BATTERY BREAKING","Recycling","Batteries/scrap metals/secondary smelting/precious metal recovery","HAMBURG","BERKS","PA","42011","PAD980831812",37.34,"100 year zone","Not in sea level rise area",1,1983-10-01,1986-06-10,NA,543,227,57193,73344,0.17,0.11,0.02,0.94,0,0.03,25,105,40.51943,-76.00138
"BORIT ASBESTOS","Manufacturing/Processing/Maintenance","Chemicals and allied products","AMBLER","MONTGOMERY","PA","42091","PAD981034887",50,"100 year zone","Not in sea level rise area",NA,1985-02-01,2009-04-09,NA,9785,4037,50946,138355,0.37,0.06,0.14,0.74,0.04,0.06,567,2045,40.153335,-75.228611
"PUBLICKER INDUSTRIES INC.","Manufacturing/Processing/Maintenance","Chemicals and allied products","PHILADELPHIA","PHILADELPHIA","PA","42101","PAD981939200",59.99,"100 year zone","1.5 meter rise",0,1987-09-01,1989-10-04,2000-11-01,6156,2359,19638,48850,0.32,0.17,0.12,0.61,0.16,0.12,542,1535,39.90805,-75.13528
"LOWER DARBY CREEK AREA","Waste Management","Multiple","DARBY TWP","DELAWARE","PA","42045","PASFN0305521",50,"100 year zone","Not in sea level rise area",NA,1998-01-07,2001-06-14,NA,7946,3258,36454,75625,0.37,0.2,0.5,0.4,0.03,0.07,778,2060,39.88555,-75.26777
"PAPELERA PUERTORRIQUENA, INC.","Manufacturing/Processing/Maintenance","Plastics and rubber products","UTUADO","UTUADO","PR","72141","PRD090290685",34.69,"100 year zone","Not in sea level rise area",NA,2005-10-01,2009-09-23,NA,5202,2505,10437,20048,0.43,NA,0.03,0,0.01,1,229,1131,18.265002,-66.694724
"FRONTERA CREEK","Other","Other","RIO ABAJO","HUMACAO","PR","72069","PRD980640965",43.07,"500 year zone","Not in sea level rise area",0,1981-07-01,1983-09-08,1998-12-29,2011,902,19596,25554,0.21,NA,0.08,0,0,1,118,455,18.15195,-65.79028
"VEGA ALTA PUBLIC SUPPLY WELLS","Other","Ground water plume site with no identifiable source","VEGA ALTA","VEGA ALTA","PR","72143","PRD980763775",42.24,"100 year zone","Not in sea level rise area",0,1982-07-01,1984-09-21,NA,7747,3067,14382,22577,0.3,NA,0.08,0.01,0,0.98,482,1629,18.41806,-66.33028
"ATLANTIC FLEET WEAPONS TRAINING AREA","Other","Military/Other Ordinance","VIEQUES","VIEQUES","PR","78010","PRN000204694",NA,"100 year zone","1.5 meter rise",0,2003-10-21,2005-02-11,NA,298,194,21325,21325,0.27,NA,0.12,0.06,0.03,0.93,17,60,18.13058,-65.3106
"MAUNABO URBANO PUBLIC WELLS","Other","Ground water plume site with no identifiable source","MAUNABO","MAUNABO","PR","72095","PRN000205831",50,"100 year zone","Not in sea level rise area",0,2005-08-25,2006-09-27,NA,2572,1189,19423,20948,0.29,NA,0.37,0,0,1,138,541,18.005722,-65.905417
"SAN GERMAN GROUND WATER CONTAMINATION","Other","Ground water plume site with no identifiable source","San German","SAN GERMAN","PR","72125","PRN000205957",50,"100 year zone","Not in sea level rise area",NA,2006-09-01,2008-03-19,NA,6675,2951,14022,19247,0.41,NA,0.03,0.01,0,0.99,349,1469,18.082617,-67.033904
"CABO ROJO GROUND WATER CONTAMINATION","Other","Ground water plume site with no identifiable source","CABO ROJO","CABO ROJO","PR","72023","PRN000206319",50,"500 year zone","Not in sea level rise area",NA,2007-03-15,2011-03-10,NA,7332,3373,11466,22488,0.39,NA,0.03,0,0,1,427,1416,18.090557,-67.148058
"THE BATTERY RECYCLING COMPANY","Recycling","Batteries/scrap metals/secondary smelting/precious metal recovery","ARECIBO","ARECIBO","PR","72013","PRR000004655",NA,"100 year zone","Not in sea level rise area",NA,NA,2017-08-02,NA,2743,1110,16037,26703,0.27,NA,0.04,0,0.02,1,133,633,18.449452,-66.692605
"ROSE HILL REGIONAL LANDFILL","Waste Management","Co-disposal landfill (municipal and industrial)","SOUTH KINGSTOWN","WASHINGTON","RI","44009","RID980521025",38.11,"100 year zone","Not in sea level rise area",1,1981-06-01,1989-10-04,NA,2150,905,60129,69354,0.37,0.12,0.02,0.88,0.02,0.03,106,420,41.47083,-71.49166
"DAVIS LIQUID WASTE","Waste Management","Industrial waste facility (non-generator)","SMITHFIELD","PROVIDENCE","RI","44007","RID980523070",47.25,"100 year zone","Not in sea level rise area",0,1979-07-01,1983-09-08,NA,1672,630,80671,92306,0.14,0.03,0.01,0.98,0.01,0.01,44,278,41.92221,-71.57776
"CENTREDALE MANOR RESTORATION PROJECT","Multiple","Multiple","NORTH PROVIDENCE","PROVIDENCE","RI","44007","RID981203755",70.71,"100 year zone","Not in sea level rise area",1,1986-04-10,2000-02-04,NA,12311,5978,42188,67465,0.47,0.1,0.04,0.86,0.03,0.06,484,2089,41.85766,-71.48725
"PARRIS ISLAND MARINE CORPS RECRUIT DEPOT","Other","Military/Other Ordinance","PARRIS ISLAND","BEAUFORT","SC","45013","SC6170022762",50,"100 year zone","Not in sea level rise area",1,1988-02-12,1994-12-16,NA,791,101,45125,57926,0.56,0.12,0.17,0.61,0.02,0.16,40,99,32.3528,-80.7031
"MACALLOY CORPORATION","Manufacturing/Processing/Maintenance","Primary metals/mineral processing","NORTH CHARLESTON","CHARLESTON","SC","45019","SCD003360476",50,"100 year zone","1.5 meter rise",0,1998-03-25,2000-02-04,NA,2632,1225,16906,21580,0.72,0.42,0.84,0.14,0.01,0.01,210,696,32.83805,-79.95119
"AMERICAN CREOSOTE WORKS, INC. (JACKSON PLANT)","Manufacturing/Processing/Maintenance","Lumber and wood products/wood preserving/treatment","JACKSON","MADISON","TN","47113","TND007018799",35.22,"100 year zone","Not in sea level rise area",1,1980-08-01,1986-06-10,NA,2594,1327,9846,38140,0.68,0.43,0.54,0.4,0.01,0.02,138,471,35.61,-88.8355
"TENNESSEE PRODUCTS","Manufacturing/Processing/Maintenance","Coke production","CHATTANOOGA","HAMILTON","TN","47065","TND071516959",NA,"500 year zone","Not in sea level rise area",0,1981-06-01,1995-09-29,NA,3697,1774,14873,41414,0.64,0.51,0.74,0.19,0,0.04,283,1172,34.99888,-85.31444
"LEWISBURG DUMP","Waste Management","Multiple","LEWISBURG","MARSHALL","TN","47117","TND980729115",33.45,"500 year zone","Not in sea level rise area",0,1981-01-01,1983-09-08,1996-02-21,271,124,26394,41154,0.27,0.16,0.08,0.88,0,0.03,13,57,35.48138,-86.78416
"AMNICOLA DUMP","Waste Management","Co-disposal landfill (municipal and industrial)","CHATTANOOGA","HAMILTON","TN","47065","TND980729172",40.91,"100 year zone","Not in sea level rise area",0,1973-01-01,1983-09-08,1996-04-30,5791,2715,16857,65170,0.51,0.26,0.53,0.44,0.01,0.01,343,1376,35.0625,-85.27638
"CLINCH RIVER CORPORATION","Manufacturing/Processing/Maintenance","Lumber and wood products/pulp and paper","HARRIMAN","ROANE","TN","47145","TND987768587",48.03,"100 year zone","Not in sea level rise area",NA,1990-05-30,2013-05-24,NA,939,468,24083,31679,0.43,0.28,0.04,0.91,0.01,0.02,65,204,35.931945,-84.539169
"PATRICK BAYOU","Other","Contaminated sediment site with no identifiable source","DEER PARK","HARRIS","TX","48201","TX0000605329",50,"100 year zone","1.5 meter rise",NA,1993-01-01,2002-09-05,NA,496,192,37188,49417,0.44,0.23,0.04,0.49,0,0.45,38,122,29.73194,-95.11458
"STAR LAKE CANAL","Other","Contaminated sediment site with no identifiable source","PORT NECHES","JEFFERSON","TX","48245","TX0001414341",50,"Not in flood zone","1 meter rise",NA,1996-07-23,2000-07-27,NA,2218,945,26250,49205,0.3,0.21,0.08,0.75,0.03,0.12,141,547,29.975,-93.917
"TEXARKANA WOOD PRESERVING CO.","Manufacturing/Processing/Maintenance","Lumber and wood products/wood preserving/treatment","TEXARKANA","BOWIE","TX","48037","TXD008056152",40.19,"100 year zone","Not in sea level rise area",1,1984-12-01,1986-06-10,NA,2230,938,20106,43284,0.54,0.37,0.51,0.41,0,0.06,207,615,33.40833,-94.05333
"ALCOA (POINT COMFORT)/LAVACA BAY","Manufacturing/Processing/Maintenance","Chemicals and allied products","POINT COMFORT","CALHOUN","TX","48057","TXD008123168",50,"100 year zone","Not in sea level rise area",1,1980-11-01,1994-02-23,NA,25,20,60000,60000,0.2,0.04,0.04,0.68,0,0.2,1,5,28.65083,-96.56222
"GULFCO MARINE MAINTENANCE","Other","Transportation (e.g., railroad yards, airport, barge docking site)","FREEPORT","BRAZORIA","TX","48039","TXD055144539",50,"Not in flood zone","1 meter rise",0,1981-01-01,2003-04-30,NA,75,76,43333,44818,0.22,0.19,0.03,0.73,0,0.21,4,17,28.96684,-95.28965
"TEX-TIN CORP.","Manufacturing/Processing/Maintenance","Primary metals/mineral processing","TEXAS CITY","GALVESTON","TX","48167","TXD062113329",50,"Not in flood zone","1.5 meter rise",1,1979-11-01,1990-08-30,NA,1078,616,29094,73686,0.26,0.18,0.22,0.51,0.01,0.25,69,211,29.35666,-94.94166
"SHERIDAN DISPOSAL SERVICES","Waste Management","Industrial waste facility (non-generator)","HEMPSTEAD","WALLER","TX","48473","TXD062132147",30.67,"500 year zone","Not in sea level rise area",1,1979-11-01,1989-03-31,NA,152,68,39198,52140,0.31,0.25,0.37,0.38,0,0.25,9,34,30.2074,-96.1357
"PALMER BARGE LINE","Other","Transportation (e.g., railroad yards, airport, barge docking site)","PORT ARTHUR","JEFFERSON","TX","48245","TXD068104561",50,"100 year zone","Not in sea level rise area",0,1999-10-13,2000-07-27,2012-02-06,524,236,26250,57023,0.42,0.37,0.28,0.39,0.07,0.24,47,164,29.96145,-93.85508
"FALCON REFINERY","Manufacturing/Processing/Maintenance","Oil and gas refining","INGLESIDE","SAN PATRICIO","TX","48409","TXD086278058",50,"Not in flood zone","1.5 meter rise",NA,1987-06-01,2011-09-16,NA,1077,425,58858,92830,0.26,0.12,0,0.55,0.01,0.4,47,305,27.86072,-97.1793
"DIXIE OIL PROCESSORS, INC.","Recycling","Multiple","FRIENDSWOOD","HARRIS","TX","48201","TXD089793046",34.21,"100 year zone","Not in sea level rise area",0,1982-05-01,1989-10-04,2006-08-21,7775,2473,51680,97401,0.23,0.1,0.21,0.27,0.17,0.36,606,2174,29.5686,-95.2047
"STATE MARINE OF PORT ARTHUR","Other","Transportation (e.g., railroad yards, airport, barge docking site)","JEFFERSON COUNTY","JEFFERSON","TX","48245","TXD099801102",48,"100 year zone","1 meter rise",0,1980-09-15,1998-07-28,2012-02-06,639,287,26250,57023,0.47,0.41,0.31,0.31,0.08,0.28,62,209,29.96083,-93.85916
"SIKES DISPOSAL PITS","Waste Management","Industrial waste facility (non-generator)","CROSBY","HARRIS","TX","48201","TXD980513956",61.62,"100 year zone","Not in sea level rise area",0,1979-11-01,1983-09-08,NA,1172,425,39432,73250,0.23,0.17,0.18,0.49,0.01,0.29,104,337,29.88166,-95.08666
"FRENCH, LTD.","Waste Management","Industrial waste facility (non-generator)","CROSBY","HARRIS","TX","48201","TXD980514814",63.33,"100 year zone","Not in sea level rise area",NA,1979-01-01,1983-09-08,NA,852,305,39432,73250,0.3,0.23,0.36,0.34,0.01,0.26,71,250,29.8796,-95.0739
"HIGHLANDS ACID PIT","Waste Management","Other","HIGHLANDS","HARRIS","TX","48201","TXD980514996",37.77,"100 year zone","1.5 meter rise",0,1979-03-01,1983-09-08,NA,2939,1126,41017,53571,0.25,0.18,0.05,0.59,0,0.35,204,845,29.8141,-95.0786
"KOPPERS CO., INC. (TEXARKANA PLANT)","Manufacturing/Processing/Maintenance","Lumber and wood products/wood preserving/treatment","TEXARKANA","BOWIE","TX","48037","TXD980623904",31.31,"100 year zone","Not in sea level rise area",0,1979-11-01,1986-06-10,NA,3343,1475,20106,43284,0.59,0.4,0.63,0.27,0,0.07,334,972,33.41666,-94.065
"BRIO REFINING, INC.","Multiple","Multiple","FRIENDSWOOD","HARRIS","TX","48201","TXD980625453",50.38,"100 year zone","Not in sea level rise area",1,1982-11-01,1989-03-31,2006-12-28,8092,2552,51680,86344,0.26,0.11,0.21,0.25,0.16,0.38,628,2314,29.57,-95.20333
"MOTCO, INC.","Multiple","Multiple","LA MARQUE","GALVESTON","TX","48167","TXD980629851",NA,"Not in flood zone","1 meter rise",1,1979-01-01,1983-09-08,NA,1347,890,27813,73686,0.2,0.12,0.14,0.69,0.01,0.14,52,203,29.33471,-94.93333
"BAILEY WASTE DISPOSAL","Waste Management","Industrial waste facility (non-generator)","BRIDGE CITY","ORANGE","TX","48361","TXD980864649",53.42,"100 year zone","1 meter rise",1,1979-11-01,1986-06-10,2007-10-15,773,302,26250,68532,0.23,0.19,0.08,0.73,0.03,0.13,49,230,29.99055,-93.87916
"MALONE SERVICE CO - SWAN LAKE PLANT","Waste Management","Industrial waste facility (non-generator)","TEXAS CITY","GALVESTON","TX","48167","TXD980864789",50,"Not in flood zone","1 meter rise",0,1979-11-01,2001-06-14,NA,411,200,29094,61393,0.31,0.25,0.34,0.27,0,0.36,48,107,29.33305,-94.90277
"JONES ROAD GROUND WATER PLUME","Other","Ground water plume site with no identifiable source","HOUSTON","HARRIS","TX","48201","TXN000605460",46.5,"500 year zone","Not in sea level rise area",0,2002-04-01,2003-09-29,NA,17326,7783,50718,126932,0.63,0.13,0.24,0.34,0.11,0.3,978,4253,29.90465,-95.58431
"SAN JACINTO RIVER WASTE PITS","Waste Management","Other","Channelview","HARRIS","TX","48201","TXN000606611",50,"100 year zone","1.5 meter rise",NA,2005-04-14,2008-03-19,NA,2081,781,37188,59361,0.25,0.18,0.06,0.55,0.01,0.37,159,589,29.7944,-95.0625
"EAST 67TH STREET GROUND WATER PLUME","Other","Other","ODESSA","ECTOR","TX","48135","TXN000606614",50,"100 year zone","Not in sea level rise area",0,2005-04-18,2007-03-07,NA,5462,1961,39432,93281,0.29,0.16,0.06,0.5,0.01,0.41,474,1649,31.908611,-102.385833
"US OIL RECOVERY","Recycling","Waste/used oil","PASADENA","HARRIS","TX","48201","TXN000607093",50,"100 year zone","Not in sea level rise area",NA,2010-07-05,2012-09-18,NA,5999,1928,26950,48354,0.58,0.27,0.02,0.09,0,0.87,586,1971,29.71774,-95.221053
"MAIN STREET GROUND WATER PLUME","Other","Ground water plume site with no identifiable source","BURNET","BURNET","TX","48053","TXN000607441",NA,"100 year zone","Not in sea level rise area",NA,NA,2015-09-30,NA,949,341,43173,43173,0.51,0.24,0.03,0.73,0,0.21,68,249,30.737148,-98.22544
"EUREKA MILLS","Mining","Metals","EUREKA","JUAB","UT","49023","UT0002240158",50,"100 year zone","Not in sea level rise area",1,1997-12-15,2002-09-05,NA,7,2,58367,63292,0,0.14,0,0.86,0,0,0,2,39.95555,-112.11555
"MARINE CORPS COMBAT DEVELOPMENT COMMAND","Other","Military/Other Ordinance","QUANTICO","PRINCE WILLIAM","VA","51153","VA1170024722",50,"Not in flood zone","1 meter rise",0,1981-05-01,1994-05-31,NA,1468,370,53167,120573,0.86,0.06,0.12,0.56,0.04,0.19,239,455,38.52166,-77.29
"NORFOLK NAVAL SHIPYARD","Manufacturing/Processing/Maintenance","Trucks/ships/trains/aircraft and related components","PORTSMOUTH","PORTSMOUTH CITY","VA","51552","VA1170024813",50,"100 year zone","Not in sea level rise area",0,1983-04-01,1999-07-22,NA,6976,2965,13988,43698,0.64,0.33,0.79,0.15,0,0.03,360,1857,36.82194,-76.29472
"LANGLEY AIR FORCE BASE/NASA LANGLEY RESEARCH CENTER","Other","Research, development, and testing facility","HAMPTON","HAMPTON CITY","VA","51650","VA2800005033",50,"Not in flood zone","1 meter rise",1,1989-10-17,1994-05-31,NA,4005,1580,36850,99167,0.48,0.16,0.4,0.47,0.05,0.08,315,931,37.06999,-76.35861
"ST. JULIENS CREEK ANNEX (U.S. NAVY)","Manufacturing/Processing/Maintenance","Ordnance production","CHESAPEAKE","CHESAPEAKE CITY","VA","51550","VA5170000181",50,"100 year zone","1.5 meter rise",1,1981-06-01,2000-07-27,NA,7321,3193,28482,50359,0.57,0.19,0.4,0.49,0.02,0.06,662,1999,36.79416,-76.31222
"FORT EUSTIS (US ARMY)","Other","Transportation (e.g., railroad yards, airport, barge docking site)","NEWPORT NEWS","NEWPORT NEWS CITY","VA","51700","VA6210020321",50,"Not in flood zone","1 meter rise",1,1979-12-01,1994-12-16,NA,1862,563,49750,98750,0.2,0.05,0.17,0.65,0.04,0.08,128,409,37.105,-76.56833
"NAVAL SURFACE WARFARE CENTER - DAHLGREN","Waste Management","Industrial waste facility (non-generator)","DAHLGREN","KING GEORGE","VA","51099","VA7170024684",50.03,"Not in flood zone","1 meter rise",1,1979-12-01,1992-10-14,NA,324,124,90961,90961,0.4,0.05,0.21,0.6,0.02,0.1,31,90,38.32666,-77.02694
"L.A. CLARKE & SON","Manufacturing/Processing/Maintenance","Lumber and wood products/wood preserving/treatment","SPOTSYLVANIA","SPOTSYLVANIA","VA","51177","VAD007972482",34.24,"100 year zone","Not in sea level rise area",0,1983-04-01,1986-06-10,NA,3185,1105,66520,87539,0.28,0.1,0.19,0.61,0.04,0.13,196,920,38.23611,-77.4325
"ABEX CORP.","Manufacturing/Processing/Maintenance","Metal fabrication/finishing/coating and allied industries","PORTSMOUTH","PORTSMOUTH CITY","VA","51552","VAD980551683",36.53,"100 year zone","1.5 meter rise",0,1981-06-01,1990-08-30,NA,10707,4829,13988,55543,0.65,0.37,0.8,0.15,0.01,0.02,795,2924,36.8265,-76.3045
"ATLANTIC WOOD INDUSTRIES, INC.","Manufacturing/Processing/Maintenance","Lumber and wood products/wood preserving/treatment","PORTSMOUTH","PORTSMOUTH CITY","VA","51552","VAD990710410",40.77,"100 year zone","1 meter rise",1,1980-08-01,1990-02-21,NA,5111,2121,21513,43767,0.56,0.22,0.46,0.44,0.02,0.06,425,1442,36.8065,-76.299
"PECK IRON AND METAL","Other","Spill or other one-time event","PORTSMOUTH","PORTSMOUTH CITY","VA","51552","VAN000306115",48.52,"Not in flood zone","1.5 meter rise",NA,2008-11-06,2009-11-04,NA,10598,5565,44000,94048,0.66,0.15,0.14,0.75,0.04,0.04,573,1410,36.86,-76.3097
"ISLAND CHEMICAL CORP/VIRGIN ISLANDS CHEMICAL CORP.","Manufacturing/Processing/Maintenance","Chemicals and allied products","CHRISTIANSTED","ST. CROIX","VI","78010","VID980651095",50,"500 year zone","Not in sea level rise area",0,1989-01-31,1996-06-17,2009-10-16,0,0,Inf,-Inf,NA,NA,NA,NA,NA,NA,0,0,17.70972,-64.79083
"PINE STREET CANAL","Manufacturing/Processing/Maintenance","Coal gasification","BURLINGTON","CHITTENDEN","VT","50007","VTD980523062",NA,"100 year zone","Not in sea level rise area",1,1981-01-01,1983-09-08,NA,12245,4999,30066,67571,0.66,0.26,0.03,0.87,0.03,0.03,391,1398,44.46666,-73.21806
"LOWER DUWAMISH WATERWAY","Other","Contaminated sediment site with no identifiable source","SEATTLE","KING","WA","53033","WA0002329803",50,"Not in flood zone","1 meter rise",NA,1998-03-25,2001-09-13,NA,7803,3296,35425,79432,0.55,0.21,0.05,0.45,0.15,0.21,651,1953,47.5378,-122.32789
"NAVAL UNDERSEA WARFARE ENGINEERING STATION (4 WASTE AREAS)","Manufacturing/Processing/Maintenance","Ordnance production","KEYPORT","KITSAP","WA","53035","WA1170023419",33.6,"Not in flood zone","1 meter rise",1,1981-06-01,1989-10-04,NA,1281,586,60756,83468,0.22,0.08,0,0.85,0.03,0.04,54,222,47.6946,-122.622
"PORT HADLOCK DETACHMENT (USNAVY)","Other","Multiple","INDIAN ISLAND","JEFFERSON","WA","53031","WA4170090001",50,"Not in flood zone","1 meter rise",1,1981-06-01,1994-05-31,2005-06-14,282,136,46016,46016,0.27,0.14,0,0.91,0.01,0.04,16,50,48.08347,-122.72958
"NAVAL AIR STATION, WHIDBEY ISLAND (SEAPLANE BASE)","Manufacturing/Processing/Maintenance","Trucks/ships/trains/aircraft and related components","WHIDBEY ISLAND","ISLAND","WA","53029","WA6170090058",39.64,"100 year zone","Not in sea level rise area",0,1984-09-12,1990-02-21,1995-09-21,1673,640,55504,70463,0.89,0.09,0.09,0.62,0.07,0.15,278,582,48.29945,-122.6133
"OLD NAVY DUMP/MANCHESTER LABORATORY (USEPA/NOAA)","Manufacturing/Processing/Maintenance","Other","MANCHESTER","KITSAP","WA","53035","WA8680030931",50,"100 year zone","1 meter rise",1,1987-03-01,1994-05-31,NA,2226,966,65484,120100,0.18,0.16,0.01,0.81,0.06,0.04,164,505,47.57444,-122.54805
"PACIFIC SOUND RESOURCES","Manufacturing/Processing/Maintenance","Lumber and wood products/wood preserving/treatment","SEATTLE","KING","WA","53033","WAD009248287",70.71,"Not in flood zone","1 meter rise",1,1979-07-01,1994-05-31,NA,7462,3878,67277,77808,0.42,0.07,0.04,0.76,0.09,0.07,418,1325,47.58233,-122.36666
"WYCKOFF CO./EAGLE HARBOR","Manufacturing/Processing/Maintenance","Lumber and wood products/wood preserving/treatment","BAINBRIDGE ISLAND","KITSAP","WA","53035","WAD009248295",32.55,"100 year zone","1 meter rise",1,1979-07-01,1987-07-22,NA,3690,1790,89575,120100,0.35,0.07,0.01,0.88,0.03,0.05,135,799,47.62166,-122.5167
"NORTHWEST TRANSFORMER (SOUTH HARKNESS STREET)","Recycling","Other","EVERSON","WHATCOM","WA","53073","WAD027315621",30.56,"500 year zone","Not in sea level rise area",0,1981-03-05,1990-02-21,1997-09-26,433,158,58829,60551,0.23,0.11,0,0.76,0.01,0.17,38,125,48.9197,-122.3431
"FRONTIER HARD CHROME, INC.","Manufacturing/Processing/Maintenance","Metal fabrication/finishing/coating and allied industries","VANCOUVER","CLARK","WA","53011","WAD053614988",57.93,"100 year zone","Not in sea level rise area",1,1975-08-01,1983-09-08,NA,6767,3144,28016,65875,0.61,0.26,0.02,0.7,0.04,0.16,582,1383,45.6215,-122.644
"AMERICAN CROSSARM & CONDUIT CO.","Manufacturing/Processing/Maintenance","Lumber and wood products/wood preserving/treatment","CHEHALIS","LEWIS","WA","53041","WAD057311094",30.44,"100 year zone","Not in sea level rise area",0,1980-11-20,1989-10-04,NA,2725,1156,31154,38795,0.56,0.22,0.06,0.78,0,0.11,244,715,46.65693,-122.9689
"TULALIP LANDFILL","Waste Management","Co-disposal landfill (municipal and industrial)","MARYSVILLE","SNOHOMISH","WA","53061","WAD980639256",52.08,"100 year zone","1 meter rise",1,1979-11-01,1995-04-25,2002-09-18,3410,1382,40192,88333,0.63,0.21,0.01,0.72,0.05,0.13,226,878,48.04166,-122.18222
"HARBOR ISLAND (LEAD)","Recycling","Batteries/scrap metals/secondary smelting/precious metal recovery","SEATTLE","KING","WA","53033","WAD980722839",41.79,"Not in flood zone","1 meter rise",1,1980-01-01,1983-09-08,NA,3904,2021,67277,70458,0.43,0.09,0.07,0.62,0.14,0.11,262,549,47.5794,-122.3522
"COMMENCEMENT BAY, NEAR SHORE/TIDE FLATS","Manufacturing/Processing/Maintenance","Chemicals and allied products","TACOMA","PIERCE","WA","53053","WAD980726368",42.2,"100 year zone","1 meter rise",1,1979-11-01,1983-09-08,NA,340,183,68487,78382,0.58,0.29,0.01,0.61,0.09,0.26,0,17,47.26666,-122.41666
"LOCKHEED WEST SEATTLE","Manufacturing/Processing/Maintenance","Trucks/ships/trains/aircraft and related components","SEATTLE","KING","WA","53033","WAN001002655",50,"Not in flood zone","1 meter rise",NA,2005-11-15,2007-03-07,NA,5199,2795,67277,77808,0.44,0.07,0.05,0.73,0.1,0.08,301,836,47.5858,-122.3635
"NORTHERN ENGRAVING CO.","Waste Management","Industrial waste facility (non-generator)","SPARTA","MONROE","WI","55081","WID006183826",38.75,"100 year zone","Not in sea level rise area",1,1981-06-01,1984-09-21,1997-10-29,1990,911,46408,60472,0.4,0.19,0,0.89,0,0.08,149,465,43.93443,-90.81445
"MADISON METROPOLITAN SEWERAGE DISTRICT LAGOONS","Waste Management","Other","BLOOMING GROVE","DANE","WI","55025","WID078934403",32.65,"100 year zone","Not in sea level rise area",1,1983-06-01,1990-02-21,NA,4030,1924,37051,70878,0.54,0.29,0.13,0.45,0.1,0.26,326,1146,43.03431,-89.34628
"WAUSAU GROUND WATER CONTAMINATION","Other","Ground water plume site with no identifiable source","WAUSAU","MARATHON","WI","55073","WID980993521",28.91,"100 year zone","Not in sea level rise area",0,1984-06-01,1986-06-10,NA,7191,3301,24566,61531,0.44,0.17,0.01,0.78,0.13,0.05,525,1698,44.9773,-89.6292
"SHEBOYGAN HARBOR & RIVER","Other","Contaminated sediment site with no identifiable source","SHEBOYGAN","SHEBOYGAN","WI","55117","WID980996367",33.79,"100 year zone","Not in sea level rise area",0,1984-11-01,1986-06-10,NA,6713,3215,25279,56594,0.54,0.23,0.03,0.71,0.07,0.15,497,1701,43.74944,-87.70075
"FIKE CHEMICAL, INC.","Manufacturing/Processing/Maintenance","Chemicals and allied products","NITRO","PUTNAM","WV","54079","WVD047989207",36.3,"500 year zone","Not in sea level rise area",1,1979-11-01,1983-09-08,NA,1576,759,25449,66862,0.28,0.12,0.01,0.96,0,0.01,106,347,38.42666,-81.8425
"NORTH 25TH STREET GLASS AND ZINC","Manufacturing/Processing/Maintenance","Primary metals/mineral processing","CLARKSBURG","HARRISON","WV","54033","WVN000306876",NA,"100 year zone","Not in sea level rise area",NA,NA,2016-09-09,NA,3036,1487,25125,48486,0.33,0.24,0.02,0.95,0,0.01,199,635,39.297053,-80.357433
"BAXTER/UNION PACIFIC TIE TREATING","Manufacturing/Processing/Maintenance","Lumber and wood products/wood preserving/treatment","LARAMIE","ALBANY","WY","56001","WYD061112470",37.24,"100 year zone","Not in sea level rise area",0,1979-10-01,1983-09-08,1999-12-06,1611,797,27539,58977,0.51,0.26,0,0.85,0.02,0.12,99,282,41.295,-105.6017
